--
-- PostgreSQL database dump
--

-- Dumped from database version 11.2
-- Dumped by pg_dump version 11.2

SET statement_timeout = 0;
SET lock_timeout = 0;
SET idle_in_transaction_session_timeout = 0;
SET client_encoding = 'UTF8';
SET standard_conforming_strings = on;
SELECT pg_catalog.set_config('search_path', '', false);
SET check_function_bodies = false;
SET client_min_messages = warning;
SET row_security = off;

--
-- Name: tiger; Type: SCHEMA; Schema: -; Owner: postgres
--

CREATE SCHEMA tiger;


ALTER SCHEMA tiger OWNER TO postgres;

--
-- Name: tiger_data; Type: SCHEMA; Schema: -; Owner: postgres
--

CREATE SCHEMA tiger_data;


ALTER SCHEMA tiger_data OWNER TO postgres;

--
-- Name: topology; Type: SCHEMA; Schema: -; Owner: postgres
--

CREATE SCHEMA topology;


ALTER SCHEMA topology OWNER TO postgres;

--
-- Name: SCHEMA topology; Type: COMMENT; Schema: -; Owner: postgres
--

COMMENT ON SCHEMA topology IS 'PostGIS Topology schema';


--
-- Name: fuzzystrmatch; Type: EXTENSION; Schema: -; Owner:
--

CREATE EXTENSION IF NOT EXISTS fuzzystrmatch WITH SCHEMA public;


--
-- Name: EXTENSION fuzzystrmatch; Type: COMMENT; Schema: -; Owner:
--

COMMENT ON EXTENSION fuzzystrmatch IS 'determine similarities and distance between strings';


--
-- Name: postgis; Type: EXTENSION; Schema: -; Owner:
--

CREATE EXTENSION IF NOT EXISTS postgis WITH SCHEMA public;


--
-- Name: EXTENSION postgis; Type: COMMENT; Schema: -; Owner:
--

COMMENT ON EXTENSION postgis IS 'PostGIS geometry, geography, and raster spatial types and functions';


--
-- Name: postgis_tiger_geocoder; Type: EXTENSION; Schema: -; Owner:
--

CREATE EXTENSION IF NOT EXISTS postgis_tiger_geocoder WITH SCHEMA tiger;


--
-- Name: EXTENSION postgis_tiger_geocoder; Type: COMMENT; Schema: -; Owner:
--

COMMENT ON EXTENSION postgis_tiger_geocoder IS 'PostGIS tiger geocoder and reverse geocoder';


--
-- Name: postgis_topology; Type: EXTENSION; Schema: -; Owner:
--

CREATE EXTENSION IF NOT EXISTS postgis_topology WITH SCHEMA topology;


--
-- Name: EXTENSION postgis_topology; Type: COMMENT; Schema: -; Owner:
--

COMMENT ON EXTENSION postgis_topology IS 'PostGIS topology spatial types and functions';


SET default_tablespace = '';

SET default_with_oids = false;

--
-- Name: auth_group; Type: TABLE; Schema: public; Owner: postgres
--

CREATE TABLE public.auth_group (
    id integer NOT NULL,
    name character varying(150) NOT NULL
);


ALTER TABLE public.auth_group OWNER TO postgres;

--
-- Name: auth_group_id_seq; Type: SEQUENCE; Schema: public; Owner: postgres
--

CREATE SEQUENCE public.auth_group_id_seq
    AS integer
    START WITH 1
    INCREMENT BY 1
    NO MINVALUE
    NO MAXVALUE
    CACHE 1;


ALTER TABLE public.auth_group_id_seq OWNER TO postgres;

--
-- Name: auth_group_id_seq; Type: SEQUENCE OWNED BY; Schema: public; Owner: postgres
--

ALTER SEQUENCE public.auth_group_id_seq OWNED BY public.auth_group.id;


--
-- Name: auth_group_permissions; Type: TABLE; Schema: public; Owner: postgres
--

CREATE TABLE public.auth_group_permissions (
    id bigint NOT NULL,
    group_id integer NOT NULL,
    permission_id integer NOT NULL
);


ALTER TABLE public.auth_group_permissions OWNER TO postgres;

--
-- Name: auth_group_permissions_id_seq; Type: SEQUENCE; Schema: public; Owner: postgres
--

CREATE SEQUENCE public.auth_group_permissions_id_seq
    START WITH 1
    INCREMENT BY 1
    NO MINVALUE
    NO MAXVALUE
    CACHE 1;


ALTER TABLE public.auth_group_permissions_id_seq OWNER TO postgres;

--
-- Name: auth_group_permissions_id_seq; Type: SEQUENCE OWNED BY; Schema: public; Owner: postgres
--

ALTER SEQUENCE public.auth_group_permissions_id_seq OWNED BY public.auth_group_permissions.id;


--
-- Name: auth_permission; Type: TABLE; Schema: public; Owner: postgres
--

CREATE TABLE public.auth_permission (
    id integer NOT NULL,
    name character varying(255) NOT NULL,
    content_type_id integer NOT NULL,
    codename character varying(100) NOT NULL
);


ALTER TABLE public.auth_permission OWNER TO postgres;

--
-- Name: auth_permission_id_seq; Type: SEQUENCE; Schema: public; Owner: postgres
--

CREATE SEQUENCE public.auth_permission_id_seq
    AS integer
    START WITH 1
    INCREMENT BY 1
    NO MINVALUE
    NO MAXVALUE
    CACHE 1;


ALTER TABLE public.auth_permission_id_seq OWNER TO postgres;

--
-- Name: auth_permission_id_seq; Type: SEQUENCE OWNED BY; Schema: public; Owner: postgres
--

ALTER SEQUENCE public.auth_permission_id_seq OWNED BY public.auth_permission.id;


--
-- Name: auth_user; Type: TABLE; Schema: public; Owner: postgres
--

CREATE TABLE public.auth_user (
    id integer NOT NULL,
    password character varying(128) NOT NULL,
    last_login timestamp with time zone,
    is_superuser boolean NOT NULL,
    username character varying(150) NOT NULL,
    first_name character varying(150) NOT NULL,
    last_name character varying(150) NOT NULL,
    email character varying(254) NOT NULL,
    is_staff boolean NOT NULL,
    is_active boolean NOT NULL,
    date_joined timestamp with time zone NOT NULL
);


ALTER TABLE public.auth_user OWNER TO postgres;

--
-- Name: auth_user_groups; Type: TABLE; Schema: public; Owner: postgres
--

CREATE TABLE public.auth_user_groups (
    id bigint NOT NULL,
    user_id integer NOT NULL,
    group_id integer NOT NULL
);


ALTER TABLE public.auth_user_groups OWNER TO postgres;

--
-- Name: auth_user_groups_id_seq; Type: SEQUENCE; Schema: public; Owner: postgres
--

CREATE SEQUENCE public.auth_user_groups_id_seq
    START WITH 1
    INCREMENT BY 1
    NO MINVALUE
    NO MAXVALUE
    CACHE 1;


ALTER TABLE public.auth_user_groups_id_seq OWNER TO postgres;

--
-- Name: auth_user_groups_id_seq; Type: SEQUENCE OWNED BY; Schema: public; Owner: postgres
--

ALTER SEQUENCE public.auth_user_groups_id_seq OWNED BY public.auth_user_groups.id;


--
-- Name: auth_user_id_seq; Type: SEQUENCE; Schema: public; Owner: postgres
--

CREATE SEQUENCE public.auth_user_id_seq
    AS integer
    START WITH 1
    INCREMENT BY 1
    NO MINVALUE
    NO MAXVALUE
    CACHE 1;


ALTER TABLE public.auth_user_id_seq OWNER TO postgres;

--
-- Name: auth_user_id_seq; Type: SEQUENCE OWNED BY; Schema: public; Owner: postgres
--

ALTER SEQUENCE public.auth_user_id_seq OWNED BY public.auth_user.id;


--
-- Name: auth_user_user_permissions; Type: TABLE; Schema: public; Owner: postgres
--

CREATE TABLE public.auth_user_user_permissions (
    id bigint NOT NULL,
    user_id integer NOT NULL,
    permission_id integer NOT NULL
);


ALTER TABLE public.auth_user_user_permissions OWNER TO postgres;

--
-- Name: auth_user_user_permissions_id_seq; Type: SEQUENCE; Schema: public; Owner: postgres
--

CREATE SEQUENCE public.auth_user_user_permissions_id_seq
    START WITH 1
    INCREMENT BY 1
    NO MINVALUE
    NO MAXVALUE
    CACHE 1;


ALTER TABLE public.auth_user_user_permissions_id_seq OWNER TO postgres;

--
-- Name: auth_user_user_permissions_id_seq; Type: SEQUENCE OWNED BY; Schema: public; Owner: postgres
--

ALTER SEQUENCE public.auth_user_user_permissions_id_seq OWNED BY public.auth_user_user_permissions.id;


--
-- Name: django_admin_log; Type: TABLE; Schema: public; Owner: postgres
--

CREATE TABLE public.django_admin_log (
    id integer NOT NULL,
    action_time timestamp with time zone NOT NULL,
    object_id text,
    object_repr character varying(200) NOT NULL,
    action_flag smallint NOT NULL,
    change_message text NOT NULL,
    content_type_id integer,
    user_id integer NOT NULL,
    CONSTRAINT django_admin_log_action_flag_check CHECK ((action_flag >= 0))
);


ALTER TABLE public.django_admin_log OWNER TO postgres;

--
-- Name: django_admin_log_id_seq; Type: SEQUENCE; Schema: public; Owner: postgres
--

CREATE SEQUENCE public.django_admin_log_id_seq
    AS integer
    START WITH 1
    INCREMENT BY 1
    NO MINVALUE
    NO MAXVALUE
    CACHE 1;


ALTER TABLE public.django_admin_log_id_seq OWNER TO postgres;

--
-- Name: django_admin_log_id_seq; Type: SEQUENCE OWNED BY; Schema: public; Owner: postgres
--

ALTER SEQUENCE public.django_admin_log_id_seq OWNED BY public.django_admin_log.id;


--
-- Name: django_content_type; Type: TABLE; Schema: public; Owner: postgres
--

CREATE TABLE public.django_content_type (
    id integer NOT NULL,
    app_label character varying(100) NOT NULL,
    model character varying(100) NOT NULL
);


ALTER TABLE public.django_content_type OWNER TO postgres;

--
-- Name: django_content_type_id_seq; Type: SEQUENCE; Schema: public; Owner: postgres
--

CREATE SEQUENCE public.django_content_type_id_seq
    AS integer
    START WITH 1
    INCREMENT BY 1
    NO MINVALUE
    NO MAXVALUE
    CACHE 1;


ALTER TABLE public.django_content_type_id_seq OWNER TO postgres;

--
-- Name: django_content_type_id_seq; Type: SEQUENCE OWNED BY; Schema: public; Owner: postgres
--

ALTER SEQUENCE public.django_content_type_id_seq OWNED BY public.django_content_type.id;


--
-- Name: django_migrations; Type: TABLE; Schema: public; Owner: postgres
--

CREATE TABLE public.django_migrations (
    id bigint NOT NULL,
    app character varying(255) NOT NULL,
    name character varying(255) NOT NULL,
    applied timestamp with time zone NOT NULL
);


ALTER TABLE public.django_migrations OWNER TO postgres;

--
-- Name: django_migrations_id_seq; Type: SEQUENCE; Schema: public; Owner: postgres
--

CREATE SEQUENCE public.django_migrations_id_seq
    START WITH 1
    INCREMENT BY 1
    NO MINVALUE
    NO MAXVALUE
    CACHE 1;


ALTER TABLE public.django_migrations_id_seq OWNER TO postgres;

--
-- Name: django_migrations_id_seq; Type: SEQUENCE OWNED BY; Schema: public; Owner: postgres
--

ALTER SEQUENCE public.django_migrations_id_seq OWNED BY public.django_migrations.id;


--
-- Name: django_session; Type: TABLE; Schema: public; Owner: postgres
--

CREATE TABLE public.django_session (
    session_key character varying(40) NOT NULL,
    session_data text NOT NULL,
    expire_date timestamp with time zone NOT NULL
);


ALTER TABLE public.django_session OWNER TO postgres;

--
-- Name: utilities_buildings; Type: TABLE; Schema: public; Owner: postgres
--

CREATE TABLE public.utilities_buildings (
    id bigint NOT NULL,
    ownername character varying(50) NOT NULL,
    housenumber character varying(50) NOT NULL,
    block character varying(50) NOT NULL,
    shape_length double precision NOT NULL,
    shape_area double precision NOT NULL,
    geom public.geometry(MultiPolygon,4326) NOT NULL
);


ALTER TABLE public.utilities_buildings OWNER TO postgres;

--
-- Name: utilities_buildings_id_seq; Type: SEQUENCE; Schema: public; Owner: postgres
--

CREATE SEQUENCE public.utilities_buildings_id_seq
    START WITH 1
    INCREMENT BY 1
    NO MINVALUE
    NO MAXVALUE
    CACHE 1;


ALTER TABLE public.utilities_buildings_id_seq OWNER TO postgres;

--
-- Name: utilities_buildings_id_seq; Type: SEQUENCE OWNED BY; Schema: public; Owner: postgres
--

ALTER SEQUENCE public.utilities_buildings_id_seq OWNED BY public.utilities_buildings.id;


--
-- Name: auth_group id; Type: DEFAULT; Schema: public; Owner: postgres
--

ALTER TABLE ONLY public.auth_group ALTER COLUMN id SET DEFAULT nextval('public.auth_group_id_seq'::regclass);


--
-- Name: auth_group_permissions id; Type: DEFAULT; Schema: public; Owner: postgres
--

ALTER TABLE ONLY public.auth_group_permissions ALTER COLUMN id SET DEFAULT nextval('public.auth_group_permissions_id_seq'::regclass);


--
-- Name: auth_permission id; Type: DEFAULT; Schema: public; Owner: postgres
--

ALTER TABLE ONLY public.auth_permission ALTER COLUMN id SET DEFAULT nextval('public.auth_permission_id_seq'::regclass);


--
-- Name: auth_user id; Type: DEFAULT; Schema: public; Owner: postgres
--

ALTER TABLE ONLY public.auth_user ALTER COLUMN id SET DEFAULT nextval('public.auth_user_id_seq'::regclass);


--
-- Name: auth_user_groups id; Type: DEFAULT; Schema: public; Owner: postgres
--

ALTER TABLE ONLY public.auth_user_groups ALTER COLUMN id SET DEFAULT nextval('public.auth_user_groups_id_seq'::regclass);


--
-- Name: auth_user_user_permissions id; Type: DEFAULT; Schema: public; Owner: postgres
--

ALTER TABLE ONLY public.auth_user_user_permissions ALTER COLUMN id SET DEFAULT nextval('public.auth_user_user_permissions_id_seq'::regclass);


--
-- Name: django_admin_log id; Type: DEFAULT; Schema: public; Owner: postgres
--

ALTER TABLE ONLY public.django_admin_log ALTER COLUMN id SET DEFAULT nextval('public.django_admin_log_id_seq'::regclass);


--
-- Name: django_content_type id; Type: DEFAULT; Schema: public; Owner: postgres
--

ALTER TABLE ONLY public.django_content_type ALTER COLUMN id SET DEFAULT nextval('public.django_content_type_id_seq'::regclass);


--
-- Name: django_migrations id; Type: DEFAULT; Schema: public; Owner: postgres
--

ALTER TABLE ONLY public.django_migrations ALTER COLUMN id SET DEFAULT nextval('public.django_migrations_id_seq'::regclass);


--
-- Name: utilities_buildings id; Type: DEFAULT; Schema: public; Owner: postgres
--

ALTER TABLE ONLY public.utilities_buildings ALTER COLUMN id SET DEFAULT nextval('public.utilities_buildings_id_seq'::regclass);


--
-- Data for Name: auth_group; Type: TABLE DATA; Schema: public; Owner: postgres
--

COPY public.auth_group (id, name) FROM stdin;
\.


--
-- Data for Name: auth_group_permissions; Type: TABLE DATA; Schema: public; Owner: postgres
--

COPY public.auth_group_permissions (id, group_id, permission_id) FROM stdin;
\.


--
-- Data for Name: auth_permission; Type: TABLE DATA; Schema: public; Owner: postgres
--

COPY public.auth_permission (id, name, content_type_id, codename) FROM stdin;
1	Can add log entry	1	add_logentry
2	Can change log entry	1	change_logentry
3	Can delete log entry	1	delete_logentry
4	Can view log entry	1	view_logentry
5	Can add permission	2	add_permission
6	Can change permission	2	change_permission
7	Can delete permission	2	delete_permission
8	Can view permission	2	view_permission
9	Can add group	3	add_group
10	Can change group	3	change_group
11	Can delete group	3	delete_group
12	Can view group	3	view_group
13	Can add user	4	add_user
14	Can change user	4	change_user
15	Can delete user	4	delete_user
16	Can view user	4	view_user
17	Can add content type	5	add_contenttype
18	Can change content type	5	change_contenttype
19	Can delete content type	5	delete_contenttype
20	Can view content type	5	view_contenttype
21	Can add session	6	add_session
22	Can change session	6	change_session
23	Can delete session	6	delete_session
24	Can view session	6	view_session
25	Can add buildings	7	add_buildings
26	Can change buildings	7	change_buildings
27	Can delete buildings	7	delete_buildings
28	Can view buildings	7	view_buildings
\.


--
-- Data for Name: auth_user; Type: TABLE DATA; Schema: public; Owner: postgres
--

COPY public.auth_user (id, password, last_login, is_superuser, username, first_name, last_name, email, is_staff, is_active, date_joined) FROM stdin;
1	pbkdf2_sha256$320000$I9LbbXbDyOxlJmzSzDHYe6$DnME9YYakgywDBcxfUI67K/HyF/ZO5yxu61W9VE6f5E=	2022-01-31 16:30:18.406862+00	t	admin			raj.bhattarai222@gmail.com	t	t	2022-01-05 09:32:16.984137+00
\.


--
-- Data for Name: auth_user_groups; Type: TABLE DATA; Schema: public; Owner: postgres
--

COPY public.auth_user_groups (id, user_id, group_id) FROM stdin;
\.


--
-- Data for Name: auth_user_user_permissions; Type: TABLE DATA; Schema: public; Owner: postgres
--

COPY public.auth_user_user_permissions (id, user_id, permission_id) FROM stdin;
\.


--
-- Data for Name: django_admin_log; Type: TABLE DATA; Schema: public; Owner: postgres
--

COPY public.django_admin_log (id, action_time, object_id, object_repr, action_flag, change_message, content_type_id, user_id) FROM stdin;
\.


--
-- Data for Name: django_content_type; Type: TABLE DATA; Schema: public; Owner: postgres
--

COPY public.django_content_type (id, app_label, model) FROM stdin;
1	admin	logentry
2	auth	permission
3	auth	group
4	auth	user
5	contenttypes	contenttype
6	sessions	session
7	utilities	buildings
\.


--
-- Data for Name: django_migrations; Type: TABLE DATA; Schema: public; Owner: postgres
--

COPY public.django_migrations (id, app, name, applied) FROM stdin;
1	contenttypes	0001_initial	2022-01-05 09:31:09.319342+00
2	auth	0001_initial	2022-01-05 09:31:09.544529+00
3	admin	0001_initial	2022-01-05 09:31:09.608458+00
4	admin	0002_logentry_remove_auto_add	2022-01-05 09:31:09.631108+00
5	admin	0003_logentry_add_action_flag_choices	2022-01-05 09:31:09.648579+00
6	contenttypes	0002_remove_content_type_name	2022-01-05 09:31:09.67347+00
7	auth	0002_alter_permission_name_max_length	2022-01-05 09:31:09.68609+00
8	auth	0003_alter_user_email_max_length	2022-01-05 09:31:09.705473+00
9	auth	0004_alter_user_username_opts	2022-01-05 09:31:09.717762+00
10	auth	0005_alter_user_last_login_null	2022-01-05 09:31:09.730591+00
11	auth	0006_require_contenttypes_0002	2022-01-05 09:31:09.735535+00
12	auth	0007_alter_validators_add_error_messages	2022-01-05 09:31:09.758207+00
13	auth	0008_alter_user_username_max_length	2022-01-05 09:31:09.782302+00
14	auth	0009_alter_user_last_name_max_length	2022-01-05 09:31:09.794344+00
15	auth	0010_alter_group_name_max_length	2022-01-05 09:31:09.809304+00
16	auth	0011_update_proxy_permissions	2022-01-05 09:31:09.823427+00
17	auth	0012_alter_user_first_name_max_length	2022-01-05 09:31:09.836083+00
18	sessions	0001_initial	2022-01-05 09:31:09.877655+00
19	utilities	0001_initial	2022-01-05 09:31:09.922137+00
\.


--
-- Data for Name: django_session; Type: TABLE DATA; Schema: public; Owner: postgres
--

COPY public.django_session (session_key, session_data, expire_date) FROM stdin;
uky66z30c3o9v3ynuopdxeo3viodq1x8	.eJxVjMEOwiAQRP-FsyEsbil49O43EFgWqRqalPZk_Hdp0oPeZubNzFv4sK3Fb40XPyVxESBOv1kM9OS6g_QI9T5Lmuu6TFHuFXnQJm9z4tf16P4dlNBKXzsaIhBog5ZddlZbjAFIdwuIQGcboCuOzDmpETkRZjSjGZRKOjrx-QLbqTfT:1n52eb:FlP_x6VWevCGrWI822fpWvc_TjNZ7tIxE6gq56eEfas	2022-01-19 09:32:21.165554+00
cv0s8tepgx0tklq9wpud3gxsxnk98f4g	.eJxVjMEOwiAQRP-FsyEsbil49O43EFgWqRqalPZk_Hdp0oPeZubNzFv4sK3Fb40XPyVxESBOv1kM9OS6g_QI9T5Lmuu6TFHuFXnQJm9z4tf16P4dlNBKXzsaIhBog5ZddlZbjAFIdwuIQGcboCuOzDmpETkRZjSjGZRKOjrx-QLbqTfT:1n7Zyu:4yIC1wg2k3WYTaQ0rwLp88rBjHOL0pP_HfKIJuxsR0I	2022-01-26 09:31:48.851745+00
mxgiqkf0sgxqecrwuu4hmcr09o96gl5v	.eJxVjMEOwiAQRP-FsyEsbil49O43EFgWqRqalPZk_Hdp0oPeZubNzFv4sK3Fb40XPyVxESBOv1kM9OS6g_QI9T5Lmuu6TFHuFXnQJm9z4tf16P4dlNBKXzsaIhBog5ZddlZbjAFIdwuIQGcboCuOzDmpETkRZjSjGZRKOjrx-QLbqTfT:1n7eAy:DzDBIeMEQ6g5IXqICj1FL91VrIw-BHKpI3OQCM2EW2s	2022-01-26 14:00:32.46188+00
m78y4wr4vqg6bw2ojh4c7jivb82z1lx8	.eJxVjMEOwiAQRP-FsyEsbil49O43EFgWqRqalPZk_Hdp0oPeZubNzFv4sK3Fb40XPyVxESBOv1kM9OS6g_QI9T5Lmuu6TFHuFXnQJm9z4tf16P4dlNBKXzsaIhBog5ZddlZbjAFIdwuIQGcboCuOzDmpETkRZjSjGZRKOjrx-QLbqTfT:1n9WQp:NNZMAtMbDnUww5AWnGit0DSgDNFBUqpAr4HOEanj878	2022-01-31 18:08:39.026999+00
neuh9nd9kxjtp5994ff6iyc2as4gxx5w	.eJxVjMEOwiAQRP-FsyEsbil49O43EFgWqRqalPZk_Hdp0oPeZubNzFv4sK3Fb40XPyVxESBOv1kM9OS6g_QI9T5Lmuu6TFHuFXnQJm9z4tf16P4dlNBKXzsaIhBog5ZddlZbjAFIdwuIQGcboCuOzDmpETkRZjSjGZRKOjrx-QLbqTfT:1nC05G:B3az2b7Z1wh4EJgbyxY-rBfGVdQrgkitZZ52tj2vuUA	2022-02-07 14:12:38.347824+00
sg4ruy13mj4na6t8xz8n0fz9qbq75lt2	.eJxVjMEOwiAQRP-FsyEsbil49O43EFgWqRqalPZk_Hdp0oPeZubNzFv4sK3Fb40XPyVxESBOv1kM9OS6g_QI9T5Lmuu6TFHuFXnQJm9z4tf16P4dlNBKXzsaIhBog5ZddlZbjAFIdwuIQGcboCuOzDmpETkRZjSjGZRKOjrx-QLbqTfT:1nE75p:_f5N4fIDp5gE26FGazQPy65F6HhSZxDitX8VuTpNCA4	2022-02-13 10:05:57.958945+00
gidhxcxjd7pym0pc1wytwed8opl4xf5s	.eJxVjMEOwiAQRP-FsyEsbil49O43EFgWqRqalPZk_Hdp0oPeZubNzFv4sK3Fb40XPyVxESBOv1kM9OS6g_QI9T5Lmuu6TFHuFXnQJm9z4tf16P4dlNBKXzsaIhBog5ZddlZbjAFIdwuIQGcboCuOzDmpETkRZjSjGZRKOjrx-QLbqTfT:1nEZZK:ARZ0vAxhCCAgzyYO90soklftB6rCsxW2zFMW1YcF1ws	2022-02-14 16:30:18.409891+00
\.


--
-- Data for Name: spatial_ref_sys; Type: TABLE DATA; Schema: public; Owner: postgres
--

COPY public.spatial_ref_sys (srid, auth_name, auth_srid, srtext, proj4text) FROM stdin;
\.


--
-- Data for Name: utilities_buildings; Type: TABLE DATA; Schema: public; Owner: postgres
--

COPY public.utilities_buildings (id, ownername, housenumber, block, shape_length, shape_area, geom) FROM stdin;
1	1C House Owner	1C	C	0.000268385882088999987	4.11008403917999988e-09	0106000020E61000000100000001030000000100000007000000AA501708A6545540194B4AEE6EC03B401E735E03A554554004580F586CC03B40BF7E347BA4545540198CCBB16FC03B40D6AAA656A5545540E83E2FDF71C03B4006F6029AA55455404EA3D63670C03B40FDF24DC3A5545540E869989F70C03B40AA501708A6545540194B4AEE6EC03B40
2	2C House Owner	2C	C	0.000268384291454999984	4.11003373048000008e-09	0106000020E6100000010000000103000000010000000700000077D11F53A4545540CB1E928270C03B40271903CFA3545540BD4D5FE673C03B4099CBCBD6A4545540F3F5E76876C03B40DB2C8919A5545540B72B80B274C03B402B26C9EFA45455408903AE4C74C03B4091442531A55455409A185E9F72C03B4077D11F53A4545540CB1E928270C03B40
3	3C House Owner	3C	C	0.000268387746121999989	4.11012724315e-09	0106000020E61000000100000001030000000100000007000000312EFCB0A3545540ECA496AB74C03B402650DD2CA3545540461F680F78C03B407915A734A454554098C7F0917AC03B40BA766477A4545540C2488DDB78C03B400B70A44DA4545540CD20BB7578C03B4051A1018FA4545540A5356BC876C03B40312EFCB0A3545540ECA496AB74C03B40
4	4C House Owner	4C	C	0.000268386257539999975	4.11005580779000038e-09	0106000020E610000001000000010300000001000000070000002650DD2CA3545540461F680F78C03B40B7AAC1A8A2545540384E35737BC03B40D71DC786A354554029DF09907DC03B40821621C8A3545540185DB1E27BC03B4057A1E8F1A3545540894654487CC03B407915A734A454554098C7F0917AC03B402650DD2CA3545540461F680F78C03B40
5	5C House Owner	5C	C	0.00026838637195900002	4.1100822342100004e-09	0106000020E61000000100000001030000000100000007000000B7AAC1A8A2545540384E35737BC03B4086DFA324A2545540C9C806D77EC03B40F1916C2CA35455401B718F5981C03B4039F3296FA354554046F22BA37FC03B408AEC6945A354554018CA593D7FC03B40D71DC786A354554029DF09907DC03B40B7AAC1A8A2545540384E35737BC03B40
6	6C House Owner	6C	C	0.000268384921056000008	4.11005918251000041e-09	0106000020E61000000100000001030000000100000007000000F1916C2CA35455401B718F5981C03B4086DFA324A2545540C9C806D77EC03B40551486A0A154554039ACCF3A82C03B4075878B7EA25455400E3DA45784C03B40E2A5E7BFA2545540640650AA82C03B40D61DAEE9A2545540D5EFF20F83C03B40F1916C2CA35455401B718F5981C03B40
7	7C House Owner	7C	C	0.000268387746180999995	4.11012724423999988e-09	0106000020E6100000010000000103000000010000000700000075878B7EA25455400E3DA45784C03B40551486A0A154554039ACCF3A82C03B404336671CA15455409226A19E85C03B4096FB3024A2545540E4CE292188C03B40D15CEE66A25455402B50C66A86C03B4021562E3DA25455401928F40486C03B4075878B7EA25455400E3DA45784C03B40
8	8C House Owner	8C	C	0.000268384215182000023	4.11002187373999963e-09	0106000020E6100000010000000103000000010000000700000096FB3024A2545540E4CE292188C03B404336671CA15455409226A19E85C03B40F37D4A98A05455401D0A6A0289C03B400DF14F76A1545540544F3A1F8BC03B409FFCAAB7A15455404964EA7189C03B406D8772E1A1545540B94D8DD789C03B4096FB3024A2545540E4CE292188C03B40
9	9C House Owner	9C	C	0.000268335246348999981	4.10861924760999975e-09	0106000020E61000000100000001030000000100000007000000A967D48BA054554066E29A5E89C03B407742631EA054554065BB87F38CC03B40427A1A35A1545540C3FAC0078FC03B40F377636CA1545540573A8D388DC03B4019DA4540A15455405DD62DE48CC03B400DF14F76A1545540544F3A1F8BC03B40A967D48BA054554066E29A5E89C03B40
10	10C House Owner	10C	C	0.000269774525345000001	4.16075285203000029e-09	0106000020E61000000100000001030000000100000007000000DF55F5B09F54554079FD6B8890C03B404DA48A9BA0545540D934684892C03B405A80AED1A054554075E1C88290C03B408A7CD1FDA054554067BBF4D690C03B40427A1A35A1545540C3FAC0078FC03B40EA0FE120A05455400ACBA8DE8CC03B40DF55F5B09F54554079FD6B8890C03B40
11	11C House Owner	11C	C	0.000268384676880000005	4.1100604771600001e-09	0106000020E61000000100000001030000000100000007000000864385439F545540D88A541D94C03B4069683B5AA05455405861963196C03B4022668491A0545540B4A0626294C03B404EC86665A0545540D63C030E94C03B404DA48A9BA0545540D934684892C03B40DF55F5B09F54554079FD6B8890C03B40864385439F545540D88A541D94C03B40
12	12C House Owner	12C	C	0.000331279356035000009	4.79920234816000006e-09	0106000020E6100000010000000103000000010000000D000000D2CA574B9F545540F8572CD19BC03B40B970E075A054554046A085FA99C03B40FB713045A0545540EC3F660C98C03B40CBCCAB2BA0545540B294A13498C03B40776C2C17A054554006489C6497C03B40170C180BA0545540B811A77797C03B40F1E091F29F545540B93AC37E96C03B40CA1DDA8D9F545540C5CC8A1D97C03B407A7A79629F545540A8DB4E6595C03B40AAB8FCEA9E54554036C0AE2196C03B403D11D85D9F545540BB5F61AF9AC03B40EAF51C359F545540BB3696EF9AC03B40D2CA574B9F545540F8572CD19BC03B40
13	Custom-1 House Owner	Custom-1	Custom	0.000325773429667999977	5.10272231023000014e-09	0106000020E6100000010000000103000000010000000F000000F27BE441A054554076DC4201A2C03B40E6983315A154554078FD21B4A0C03B40C95286D2A05455400DE5630F9EC03B40E3ECF13DA154554015CA0E669DC03B40C7A15505A1545540790B7D279BC03B401E0C88F2A0545540694022459BC03B40F1EB1DF4A054554016B741559BC03B40BDB590A3A054554098523ED49BC03B4022B0F8A1A0545540E64416C49BC03B40622D2C8FA05455408B2EB7E19BC03B40F532C490A0545540A487E3F19BC03B408963B3DC9F5455408A8ED30D9DC03B405E809410A0545540A3340B1C9FC03B4041630AFC9F5455409B6D4E3C9FC03B40F27BE441A054554076DC4201A2C03B40
14	13B House Owner	13B	B	0.000300054285971999997	4.84699772864999981e-09	0106000020E61000000100000001030000000100000007000000ADD19D8DA0545540FCEE77EBA6C03B4026D6148EA154554028842757A5C03B403D3FA061A1545540168DFF93A3C03B40DE7837B6A154554028DBA20EA3C03B4085A75A82A1545540DCD84800A1C03B40467C4D2DA054554065F5F519A3C03B40ADD19D8DA0545540FCEE77EBA6C03B40
15	14B House Owner	14B	B	0.000300052989023999993	4.84697223422000011e-09	0106000020E61000000100000001030000000100000007000000D083E3E8A0545540E47721BDABC03B406E7559E9A1545540480DD128AAC03B405FF1E5BCA15455401916A965A8C03B40F92A7D11A25455402B644CE0A7C03B40AE59A0DDA1545540C361F2D1A5C03B406F2E9388A0545540697E9FEBA7C03B40D083E3E8A0545540E47721BDABC03B40
16	15B House Owner	15B	B	0.000300055583118999999	4.84699997104999989e-09	0106000020E610000001000000010300000001000000070000009BB00EFEA05455404886F693ACC03B40D618605EA1545540C47F7865B0C03B407B0AD65EA2545540281528D1AEC03B4085736132A2545540F91D000EADC03B400DC0F986A25455400B6CA388ACC03B40BBEE1C53A2545540A369497AAAC03B409BB00EFEA05455404886F693ACC03B40
17	21B House Owner	21B	B	0.000324715523128000008	4.8477267339199997e-09	0106000020E61000000100000001030000000100000011000000B9427D0AA15455404B92E087AFC03B4005EED36DA0545540D531D27EB0C03B4006213F6CA0545540CE9DBF6EB0C03B4032B7081AA0545540053D5AF0B0C03B4031E4734FA0545540451B820EB3C03B4031171E1FA0545540928DB15AB3C03B40611A143AA0545540B62C506CB4C03B40B53C0C36A05455409860A372B4C03B4005217E3DA05455400D522BBEB4C03B40C9EB8441A0545540A8D2D3B7B4C03B4093469767A0545540D29F303AB6C03B40C17B9063A0545540D76A8C40B6C03B40294D016BA0545540AD10108CB6C03B40AE167AF2A0545540A7217DB6B5C03B40515232C9A054554033CC8F13B4C03B4064B9F364A154554004A8021EB3C03B40B9427D0AA15455404B92E087AFC03B40
18	16B House Owner	16B	B	0.000300051691805000023	4.84692538996999968e-09	0106000020E61000000100000001030000000100000007000000E1888073A15455407A2EE23BB1C03B4042DED0D3A1545540D927640DB5C03B40D9CF46D4A25455403DBD1379B3C03B40D24BD3A7A2545540F2C5EBB5B1C03B4072856AFCA254554005148F30B1C03B4019B48DC8A2545540575D3922AFC03B40E1888073A15455407A2EE23BB1C03B40
19	17B House Owner	17B	B	0.000308999908770000021	5.04755384867000028e-09	0106000020E6100000010000000103000000010000000700000026F6059EA25455404A259D11BDC03B4046F732A5A3545540BC9AB672BBC03B403E73BF78A35455408EA38EAFB9C03B40298714D8A354554048524419B9C03B40DEB537A4A35455401850EA0AB7C03B40C6A0B53DA2545540B32B1B40B9C03B4026F6059EA25455404A259D11BDC03B40
20	18B House Owner	18B	B	0.000300052989023999993	4.84697223422000011e-09	0106000020E610000001000000010300000001000000070000001FA5AC28A3545540733BC990C2C03B40BD962229A4545540D7D078FCC0C03B40AF12AFFCA3545540A8D95039BFC03B404F4C4651A4545540BB27F4B3BEC03B40FD7A691DA454554052259AA5BCC03B40BE4F5CC8A2545540F84147BFBEC03B401FA5AC28A3545540733BC990C2C03B40
21	19B House Owner	19B	B	0.000300055583046000016	4.84699996992999982e-09	0106000020E61000000100000001030000000100000007000000253A299EA354554053432039C7C03B40CB2B9F9EA4545540B7D8CFA4C5C03B40DB942A72A454554088E1A7E1C3C03B4055E1C2C6A45455409A2F4B5CC3C03B400B10E692A4545540322DF14DC1C03B40EBD1D73DA3545540D8499E67C3C03B40253A299EA354554053432039C7C03B40
22	20B House Owner	20B	B	0.000309001205933999987	5.04753592731999974e-09	0106000020E610000001000000010300000001000000070000008AFF9913A454554068EB0BE1CBC03B40B700C71AA5545540F6602542CAC03B40C76952EEA4545540C769FD7EC8C03B409B90A84DA55455409E18B3E8C7C03B4042BFCB19A5545540361659DAC5C03B4029AA49B3A354554009F2890FC8C03B408AFF9913A454554068EB0BE1CBC03B40
23	22B House Owner	22B	B	0.00030005428600199998	4.84698570812000019e-09	0106000020E610000001000000010300000001000000070000000D58A24EA15455407422B7E2BFC03B40C272B6B3A15455400BE98EE4C3C03B4019F116A8A254554006484963C2C03B40D1BCAC21A2545540099B140FBDC03B403E3C169EA154554034E087DEBDC03B40B9686DBFA1545540B6C6E430BFC03B400D58A24EA15455407422B7E2BFC03B40
24	23B House Owner	23B	B	0.000304871658787000011	4.91825773803999988e-09	0106000020E6100000010000000103000000010000000700000092B52A4FA1545540498615E8BFC03B40C7B760DEA054554007E2E799C0C03B409C10CDB8A0545540BA468F1CBFC03B4001903635A0545540E58B02ECBFC03B4063F455BFA05455408D3ED065C5C03B40C272B6B3A15455400BE98EE4C3C03B4092B52A4FA1545540498615E8BFC03B40
25	24B House Owner	24B	B	0.000342104968674999997	5.92828016376999973e-09	0106000020E6100000010000000103000000010000000D000000AA387A0EA2545540D4467AF3C9C03B40B69F3BAAA2545540A522EDFDC8C03B403519BDD6A2545540B6D5A2C1CAC03B40C5511969A35455406726E6DAC9C03B408204B061A35455404A1BB48FC9C03B40B139A95DA354554016E60F96C9C03B40E107F936A3545540F912710DC8C03B4093E5003BA35455402D481507C8C03B4049989733A3545540F33CE3BBC7C03B4085CD902FA3545540F7073FC2C7C03B4087B2A8D6A25455409A19EF3BC4C03B408FF092ACA15455404C22DD11C6C03B40AA387A0EA2545540D4467AF3C9C03B40
26	25B House Owner	25B	B	0.000300052255659999986	4.84692929551999985e-09	0106000020E61000000100000001030000000100000007000000A59D92C7A1545540A8356B0FCCC03B4056692841A1545540AB8836BBC6C03B40FEEAC74CA05455402DDE773CC8C03B40A505DCB1A0545540A8A44F3ECCC03B407103A622A15455406D94818CCBC03B40121DFC43A1545540D37ADEDECCC03B40A59D92C7A1545540A8356B0FCCC03B40
27	26B House Owner	26B	B	0.000393648916712000007	7.4954177760099998e-09	0106000020E61000000100000001030000000100000007000000E5E0222F9F5455408AA7F4E6CCC03B40151635C89F54554049D8A1F5CBC03B40F7C6D309A05455404329A38FCEC03B40D5212898A05455405AF93DAFCDC03B40411CE1DD9F545540F449AF4CC6C03B40258C7AB69E545540B7FD621EC8C03B40E5E0222F9F5455408AA7F4E6CCC03B40
28	27B House Owner	27B	B	0.000308999280065000014	5.04750453559999983e-09	0106000020E61000000100000001030000000100000007000000A5DF86649D54554037C20094CFC03B408DF3F5849E54554023A42792D3C03B4055F7C0E29E545540235FAEEAD1C03B4005730D969E5455405E9BDFDAD0C03B40DDDB71E69E5455404DFDE56FCFC03B40454CB6129E545540A92A9281CCC03B40A5DF86649D54554037C20094CFC03B40
29	79C House Owner	79C	C	0.000268384994246000021	4.11005459058000029e-09	0106000020E61000000100000001030000000100000007000000254113BC9C545540C3A282C0D3C03B40C5AE40A39D545540864CB5F3D6C03B40DEAE57F89D54554045238B73D5C03B40BD81C2D39D5455406E45C1F1D4C03B40E6AE18279E545540AA558279D3C03B40CBCC85649D545540C9C4FFC7D0C03B40254113BC9C545540C3A282C0D3C03B40
30	60C House Owner	60C	C	0.000268385933567000018	4.11008488759000019e-09	0106000020E61000000100000001030000000100000007000000254113BC9C545540C3A282C0D3C03B404FDBA2139C545540DA8005B9D6C03B4082AA34D69C5455405A5D8C6AD9C03B40CAC489299D545540F72149F2D7C03B40CB9B284E9D545540E90CE873D8C03B40C5AE40A39D545540864CB5F3D6C03B40254113BC9C545540C3A282C0D3C03B40
31	61C House Owner	61C	C	0.000268387817130999993	4.11014869211999988e-09	0106000020E6100000010000000103000000010000000700000082AA34D69C5455405A5D8C6AD9C03B404FDBA2139C545540DA8005B9D6C03B40A94F306B9B54554073AA8CB1D9C03B4061AA5C529C54554058EBC7E4DCC03B4062BD74A79C54554072DF9064DBC03B404790DF829C5455401D4DCBE2DAC03B4082AA34D69C5455405A5D8C6AD9C03B40
32	62C House Owner	62C	C	0.000268385677342999993	4.11008061418999981e-09	0106000020E61000000100000001030000000100000007000000A94F306B9B54554073AA8CB1D9C03B40F2D6BEC29A54554089880FAADCC03B4025A650859B5455400965965BDFC03B4066C0A5D89B545540297557E3DDC03B406E9744FD9B5455401B60F664DEC03B4061AA5C529C54554058EBC7E4DCC03B40A94F306B9B54554073AA8CB1D9C03B40
33	63C House Owner	63C	C	0.000268386064323000012	4.11007302691000035e-09	0106000020E61000000100000001030000000100000007000000F2D6BEC29A54554089880FAADCC03B40534B4C1A9A545540391B8EA2DFC03B402A9377019B54554068A7CDD5E2C03B401DA68F569B5455403EE79A55E1C03B400979FA319B5455404A09D1D3E0C03B4025A650859B5455400965965BDFC03B40F2D6BEC29A54554089880FAADCC03B40
34	64C House Owner	64C	C	0.000268386746808000004	4.11006876144000017e-09	0106000020E61000000100000001030000000100000007000000534B4C1A9A545540391B8EA2DFC03B40ADBFD97199545540CCAD0C9BE2C03B40EE8E6B349A54554097D5974CE5C03B402FA9C0879A545540D3E558D4E3C03B40496D5EAC9A545540481CFC55E4C03B402A9377019B54554068A7CDD5E2C03B40534B4C1A9A545540391B8EA2DFC03B40
35	65C House Owner	65C	C	0.000268387305716999978	4.1101549561800002e-09	0106000020E61000000100000001030000000100000007000000ADBFD97199545540CCAD0C9BE2C03B402D2166C998545540C68B8F93E5C03B402B5690B0995455402E18CFC6E8C03B401E69A8059A5455406AA3A046E7C03B40EB4E14E19954554076C5D6C4E6C03B40EE8E6B349A54554097D5974CE5C03B40ADBFD97199545540CCAD0C9BE2C03B40
36	40B House Owner	40B	B	0.000300052971474000019	4.84695506870999999e-09	0106000020E6100000010000000103000000010000000700000075C53BA9975455400AA4A69FE8C03B40C3B99F239754554063FB4228ECC03B401968F5109854554037BD1F59EEC03B40168F9F4E985455405C7A9FB7ECC03B403FF3E89C98545540F814A070EDC03B401BC5D9E4985455407A008489EBC03B4075C53BA9975455400AA4A69FE8C03B40
37	2A House Owner	2A	A	0.000375755243261999977	6.77613813869999976e-09	0106000020E61000000100000001030000000100000007000000EEBDF75896545540791BFE47E4C03B40750BE530975455403746229CE5C03B405D055194975455406D9A47AAE1C03B4063161B0C985455403765FD66E2C03B40D13A3845985455402604DE22E0C03B4045DC80F596545540055A0812DEC03B40EEBDF75896545540791BFE47E4C03B40
38	41B House Owner	41B	B	0.000309001950331999988	5.04757185921000011e-09	0106000020E61000000100000001030000000100000007000000A5C576EA965455406D4A45B9EDC03B400AA7D96496545540C6A1E141F1C03B40779E665897545540C9C77081F3C03B406CC51096975455406B39ECDFF1C03B4052DB49EE97545540ED136EB0F2C03B4015C03B369854554037FF51C9F0C03B40A5C576EA965455406D4A45B9EDC03B40
39	42B House Owner	42B	B	0.000309000932948999985	5.04755483542999964e-09	0106000020E61000000100000001030000000100000007000000ED8BF3539654554076025632F3C03B403A8057CE95545540EB59F2BAF6C03B40C664E3C196545540B67F81FAF8C03B40C38B8DFF9654554058F1FC58F7C03B4081B4C7579754554057807A29F8C03B404599B99F975455405DB76242F6C03B40ED8BF3539654554076025632F3C03B40
40	43B House Owner	43B	B	0.00030900058063699999	5.04756106687999994e-09	0106000020E610000001000000010300000001000000070000004D8FE5DE955455407A095BEEF7C03B409A83495995545540D360F776FBC03B402568D54C96545540D68686B6FDC03B4003A2808A9654554077F80115FCC03B40E1B7B9E29654554077877FE5FCC03B409E9CAB2A9754554044BE67FEFAC03B404D8FE5DE955455407A095BEEF7C03B40
41	2G House Owner	2G	G	0.000276756804228999983	4.48608932292999991e-09	0106000020E61000000100000001030000000100000007000000E27F972B99545540BEF7B9E6FDC03B40C555E9179A54554006A12772FCC03B40CAD1DEAB995455401A56B229F8C03B402D090E3799545540A47CE0E1F8C03B402254692B995455405C08B76BF8C03B40CF46E8B39854554057CF2328F9C03B40E27F972B99545540BEF7B9E6FDC03B40
42	1G House Owner	1G	G	0.000276757422613000022	4.48611152028999968e-09	0106000020E610000001000000010300000001000000070000001E3B96E199545540685701D5F7C03B405E999E4D9A545540D7ED7A1DFCC03B404E6FF0399B54554086E2ECA8FAC03B40BE8145C29A54554035234EEAF5C03B408A61C34A9A545540C307AEA6F6C03B40951668569A545540287CD71CF7C03B401E3B96E199545540685701D5F7C03B40
43	7F House Owner	7F	F	0.000293971952201999996	4.47967342437999996e-09	0106000020E61000000100000001030000000100000007000000A67A62A59B545540DE23BAFFF9C03B408F50B4919C545540A9182C8BF8C03B40863882339C545540F4AD23CFF4C03B40DEAA97BE9B545540357C7887F5C03B40E2F4DF979B545540F9C283FEF3C03B40A7AC78209B545540534BC1BAF4C03B40A67A62A59B545540DE23BAFFF9C03B40
44	6F House Owner	6F	F	0.00029397195223500002	4.47965872807000001e-09	0106000020E61000000100000001030000000100000007000000F9B11CFD9C5455404AB2D2E1F7C03B40E2876EE99D545540F9A6446DF6C03B40EBB984649D545540A7CE4B28F1C03B40C25E1CED9C5455401D5789E4F1C03B409F27D5139D54554076107E6DF3C03B40F799EA9E9C5455401893CE25F4C03B40F9B11CFD9C5455404AB2D2E1F7C03B40
45	5F House Owner	5F	F	0.000293971388479000021	4.47967532359999985e-09	0106000020E610000001000000010300000001000000070000003AFCD7549E5455401B99C4C3F5C03B401DD229419F545540E78D364FF4C03B403EF13EBC9E54554078B53D0AEFC03B4003A9D7449E545540D33D7BC6EFC03B40F25E8F6B9E54554047F76F4FF1C03B4051D1A4F69D545540E979C007F2C03B403AFCD7549E5455401B99C4C3F5C03B40
46	4F House Owner	4F	F	0.000293971388553000018	4.47967532444000011e-09	0106000020E610000001000000010300000001000000070000002E54634E9F5455400719F7E9EFC03B40117F96AC9F5455401D38FBA5F3C03B40FA54E898A0545540E82C6D31F2C03B402274FD13A0545540795474ECECC03B40DA2B969C9F545540D4DCB1A8EDC03B40D6E14DC39F5455404896A631EFC03B402E54634E9F5455400719F7E9EFC03B40
47	3F House Owner	3F	F	0.000293971388627000015	4.47967532735e-09	0106000020E61000000100000001030000000100000007000000D69B53F4A0545540C3B6CE8AEBC03B40D2510B1BA15455403870C313EDC03B402AC420A6A0545540F6F213CCEDC03B400DEF5304A15455400C121888F1C03B40FDC4A5F0A1545540D7068A13F0C03B401EE4BA6BA1545540682E91CEEAC03B40D69B53F4A0545540C3B6CE8AEBC03B40
48	2F House Owner	2F	F	0.000293972685657999978	4.47963918096999967e-09	0106000020E61000000100000001030000000100000007000000304C105CA2545540FBEB346AEFC03B4012226248A3545540C6E0A6F5EDC03B403A4177C3A25455405808AEB0E8C03B40F1F80F4CA254554035DCEF6CE9C03B40CFC1C872A2545540AA95E4F5EAC03B404621DDFDA1545540C9CC30AEEBC03B40304C105CA2545540FBEB346AEFC03B40
49	4G House Owner	4G	G	0.000276758719490999977	4.48615986433000011e-09	0106000020E61000000100000001030000000100000007000000A270C9B3A3545540CCD2264CEDC03B4073591CA0A45455401B139DD7EBC03B4002597028A45455404708FA18E7C03B40CE38EEB0A354554058385ED5E7C03B40D9ED92BCA35455403A61834BE8C03B406912C147A35455405D3CAD03E9C03B40A270C9B3A3545540CCD2264CEDC03B40
50	G House Owner	G	G	0.00027675612546699998	4.48608984008000023e-09	0106000020E6100000010000000103000000010000000700000065827E9FA4545540CACAC5E5E6C03B40A5E0860BA55455409A153B2EEBC03B408EB6D8F7A5545540E855B1B9E9C03B40FEC82D80A5545540144B0EFBE4C03B40ABBBAC08A5545540257B72B7E5C03B40D55D5014A5545540A6EF9B2DE6C03B4065827E9FA4545540CACAC5E5E6C03B40
51	1A House Owner	1A	A	0.000390208661772000007	7.58608378023999964e-09	0106000020E61000000100000001030000000100000009000000294CFE78A6545540C454B6ECE9C03B40B228244DA75455407728429EE8C03B40731BBB4EA7545540249F61AEE8C03B40090D18B2A75455401283BB11E8C03B4086662C74A75455402A83579DE5C03B4021063105A854554036FEB7B8E4C03B40A98FFACAA75455403DB8E869E2C03B40E1217302A6545540F6D0A639E5C03B40294CFE78A6545540C454B6ECE9C03B40
52	24D House Owner	24D	D	0.000276758101221000002	4.48614873593000011e-09	0106000020E61000000100000001030000000100000007000000F9E55C22A8545540E5ADA62AEEC03B4096AE2D97A8545540C2D27C72EDC03B40A163D2A2A85455402747A6E8EDC03B40FB70531AA95455402C80392CEDC03B40E137A4A2A85455405E0C9F6DE8C03B401E4F51B6A754554099AE35E2E9C03B40F9E55C22A8545540E5ADA62AEEC03B40
53	86C House Owner	86C	C	0.000268385717047000009	4.1101083309e-09	0106000020E610000001000000010300000001000000070000008F6BEF32A7545540E904350FEFC03B403E7AE944A7545540FB0D1BC5EFC03B40BF0546BCA7545540C746AE08EFC03B40EBC7E64AA754554058C98A8BEAC03B40E99B9E5EA6545540F77F8800ECC03B40254F0BBEA6545540CB11B9C7EFC03B408F6BEF32A7545540E904350FEFC03B40
54	90C House Owner	90C	C	0.000268386906372999998	4.11011088687999966e-09	0106000020E61000000100000001030000000100000007000000A962C5D19E545540A3FBB884E3C03B40266A04439F54554036031002E8C03B400A5466BA9F54554042C6D645E7C03B4041867EA89F5455403BF8D68FE6C03B40E913691DA05455407D7586D7E5C03B40993817BE9F54554008A52610E2C03B40A962C5D19E545540A3FBB884E3C03B40
55	37D House Owner	37D	D	0.00026838797887800001	4.11014396376000024e-09	0106000020E61000000100000001030000000100000007000000D54D1FAA9E54554063A7C7D2E1C03B409F3672969F5455404A9C395EE0C03B40296E21379F545540B9CBD996DCC03B4081E036C29E545540774E2A4FDDC03B40174343B09E5455407CAE3B99DCC03B405146E0389E545540EC9F7055DDC03B40D54D1FAA9E54554063A7C7D2E1C03B40
56	38C House Owner	38C	C	0.000268388712684999983	4.11017597645999976e-09	0106000020E61000000100000001030000000100000007000000D1BDDC01A0545540EB35E0B4DFC03B409BA62FEEA054554017DF4D40DEC03B4006F1DF8EA0545540A20EEE78DAC03B407D50F419A0545540E3DC4231DBC03B4032A0FF07A0545540E83C547BDAC03B404EB69D909F545540592E8937DBC03B40D1BDDC01A0545540EB35E0B4DFC03B40
57	39C House Owner	39C	C	0.000268382112271000012	4.10993526153000036e-09	0106000020E610000001000000010300000001000000070000009BA62FEEA054554017DF4D40DEC03B407E7C81DAA1545540E86AC8CBDCC03B4001754269A15455405663714ED8C03B40E5B0E2F1A05455404409A20AD9C03B40AE7ECA03A154554067D7A1C0D9C03B4006F1DF8EA0545540A20EEE78DAC03B409BA62FEEA054554017DF4D40DEC03B40
58	40C House Owner	40C	C	0.000268385555047000006	4.11008088038999966e-09	0106000020E610000001000000010300000001000000070000007E7C81DAA1545540E86AC8CBDCC03B406E52D3C6A2545540B45F3A57DBC03B40FE898267A25455405B8FDA8FD7C03B40370F99F2A154554019122B48D8C03B40E55EA4E0A1545540E5713C92D7C03B4001754269A15455405663714ED8C03B407E7C81DAA1545540E86AC8CBDCC03B40
59	41C House Owner	41C	C	0.000268386343309000004	4.11016808949999998e-09	0106000020E610000001000000010300000001000000070000006E52D3C6A2545540B45F3A57DBC03B40572825B3A3545540F6719FE2D9C03B40BB33E741A3545540636A4865D5C03B40DD4985CAA254554057A78121D6C03B40C6046CDCA2545540967581D7D6C03B40FE898267A25455405B8FDA8FD7C03B406E52D3C6A2545540B45F3A57DBC03B40
60	55B House Owner	55B	B	0.000300052988917999986	4.84694309707000009e-09	0106000020E61000000100000001030000000100000007000000CA7EDBE8A3545540490AF78DD9C03B4029FD3BDDA4545540C7B4B50CD8C03B4006B6D056A4545540E60781B8D2C03B4073353AD3A35455402D4DF487D3C03B40EF6191F4A3545540933351DAD4C03B402364C783A3545540EA431F8CD5C03B40CA7EDBE8A3545540490AF78DD9C03B40
61	46C House Owner	46C	C	0.000268386851960000013	4.1101207420599997e-09	0106000020E610000001000000010300000001000000070000006636907AA4545540DAF851F6DEC03B402DB179EFA45455401C76013EDEC03B4086616E01A55455401716F0F3DEC03B403D5ED178A5545540A624BB37DEC03B40E7439107A5545540141D64BAD9C03B40FD6D3F1BA45455404828F22EDBC03B406636907AA4545540DAF851F6DEC03B40
62	45C House Owner	45C	C	0.000273890189542999997	4.31274498350999989e-09	0106000020E61000000100000001030000000100000007000000453D8BE5A354554078DB9E83DBC03B400A8D7BEEA254554087D11E09DDC03B407955CC4DA354554079567AD0E0C03B403AD0B5C2A3545540BBD32918E0C03B409280AAD4A3545540B77318CEE0C03B40C244CA56A454554027E3F500E0C03B40453D8BE5A354554078DB9E83DBC03B40
63	44C House Owner	44C	C	0.000268385440307000007	4.11011208916000015e-09	0106000020E6100000010000000103000000010000000700000000FF1518A3545540A9092725E1C03B408936C5B8A2545540B784CB5DDDC03B40C64D72CCA1545540EC8F59D2DEC03B404355B13DA25455406297B04FE3C03B40193F13B5A25455400DA67B93E2C03B4031842CA3A2545540678C77DDE1C03B4000FF1518A3545540A9092725E1C03B40
64	43C House Owner	43C	C	0.000268384991276000016	4.11006407249000008e-09	0106000020E61000000100000001030000000100000007000000C64D72CCA1545540EC8F59D2DEC03B40D67720E0A054554087E6EB46E0C03B404540713FA1545540796B470EE4C03B400DBB5AB4A1545540D7E8F655E3C03B40656B4FC6A1545540D388E50BE4C03B404355B13DA25455406297B04FE3C03B40C64D72CCA1545540EC8F59D2DEC03B40
65	42C House Owner	42C	C	0.000268393557888999988	4.11030292968000041e-09	0106000020E610000001000000010300000001000000070000005169CBF39F545540A49557BBE1C03B40E1C60065A054554043CBBF38E6C03B4087D664DCA054554077BC977CE5C03B409E1B7ECAA0545540B5A293C6E4C03B404540713FA1545540796B470EE4C03B40D67720E0A054554087E6EB46E0C03B405169CBF39F545540A49557BBE1C03B40
66	74D House Owner	74D	D	0.000292002589039000004	4.2150640731199998e-09	0106000020E6100000010000000103000000010000000B0000004A05DD179D5455407C971BEBE6C03B401D45F9299E5455407787F13AE5C03B408A72CC269E54554085E5B61AE5C03B409B27B0039E545540E4491452E5C03B40D5D5AAEB9D54554073B5525EE4C03B40EA64A3F29D54554056815553E4C03B409AFFC9DF9D545540DD490A94E3C03B40DBB419149E54554037869441E3C03B40F695FFE49D54554067058C63E1C03B40BB5CB7BA9C545540D83FD439E3C03B404A05DD179D5455407C971BEBE6C03B40
67	75D House Owner	75D	D	0.000292004334840000024	4.21513114096999977e-09	0106000020E6100000010000000103000000010000000B000000BD574A229D5455408390E2D2E7C03B4091DA6D7F9D5455404A7F3284EBC03B40A626B7A99E545540E672FBADE9C03B40A21A9E7A9E54554017F2F2CFE7C03B4067654E469E545540BDB56822E8C03B40F11276339E545540297E1D63E7C03B4002717C2C9E54554046B21A6EE7C03B40163278149E545540D61D597AE6C03B40F38F95379E545540FA040043E6C03B4059BD68349E5455400763C522E6C03B40BD574A229D5455408390E2D2E7C03B40
68	76D House Owner	76D	D	0.000292003322504000003	4.21507729194999972e-09	0106000020E6100000010000000103000000010000000B0000005ECFF8A79C545540B7030EE5E7C03B40E126EA9F9C5455408899C5F1E7C03B40F97FC1AD9C5455405EC5367EE8C03B40DD1AD1709C545540590C4CDEE8C03B40D5CD116E9C54554006D069C2E8C03B40F7FF3E3E9C5455404765CF0DE9C03B40267CA0299C5455405E90903CE8C03B40DA6E1FB29B545540D60BF9F8E8C03B40767DB1279C545540C2F019A2EDC03B405F5303149D545540874E832DECC03B405ECFF8A79C545540B7030EE5E7C03B40
69	26D House Owner	26D	D	0.000276756804197999986	4.48613310297000011e-09	0106000020E610000001000000010300000001000000070000003DA4A3129A54554047D647CBF4C03B401EE4BF249B545540DB7A191BF3C03B40566DB5F69A5455406758D647F1C03B408EB73E149B5455403C844319F1C03B40A29824E59A545540D34E3F3BEFC03B40B5FB7DB5995455403C33FC19F1C03B403DA4A3129A54554047D647CBF4C03B40
70	60B House Owner	60B	B	0.000303497305092999975	4.83541112781000027e-09	0106000020E6100000010000000103000000010000000D000000540A54DB9A54554034BF3C9202C13B4065DAE03F9B545540F721B68E06C13B40CA5841349C54554074CC740D05C13B402281A3DD9B545540B8FC699E01C13B40CE5EABE19B545540EC310E9801C13B40658D3ADA9B545540F98B8A4C01C13B409BC233D69B545540FE56E65201C13B40A72DCEB59B5455400629220A00C13B40520BD6B99B5455403A5EC60300C13B40EA3965B29B54554048B842B8FFC03B40A5DBC62A9B545540F47C0D8E00C13B4027081E4C9B545540F9AE6EE001C13B40540A54DB9A54554034BF3C9202C13B40
71	61B House Owner	61B	B	0.000303497868848000014	4.83541072146999989e-09	0106000020E6100000010000000103000000010000000D0000009F18AF9F9C545540BB48286404C13B40FE960F949D54554038F3E6E202C13B4056BF713D9D5455407C23DC73FFC03B40019D79419D54554016A4846DFFC03B4092CB083A9D545540BDB2FC21FFC03B40CE0002369D545540897D5828FFC03B40DA6B9C159D545540CA4F94DFFDC03B408649A4199D545540C68438D9FDC03B401D7833129D5455400CDFB48DFDC03B40DF19958A9C545540B8A37F63FEC03B405B46ECAB9C545540BDD5E0B5FFC03B408F48223B9C545540F8E5AE6700C13B409F18AF9F9C545540BB48286404C13B40
72	62B House Owner	62B	B	0.000303491553156999994	4.83540011619000009e-09	0106000020E6100000010000000103000000010000000D000000D2567DFF9D545540466F9A3902C13B4031D5DDF39E545540C41959B800C13B4089FD3F9D9E545540074A4E49FDC03B404DC846A19E545540A2CAF642FDC03B40EBF6D5999E545540E82473F7FCC03B40212CCF959E5455404DA4CAFDFCC03B400EAA6A759E545540567606B5FBC03B40D17471799E5455408AABAAAEFBC03B4069A300729E54554097052763FBC03B40135863EA9D545540C615F638FCC03B40AD71B90B9E54554049FC528BFDC03B40C286F09A9D545540840C213DFEC03B40D2567DFF9D545540466F9A3902C13B40
73	Custom-2 House Owner	Custom-2	Custom	0.000276756804125000003	4.48606420489999979e-09	0106000020E610000001000000010300000001000000070000006A50C4279F54554088679ADBFDC03B401EA3E139A05455406757702BFCC03B407B19D60BA05455402B352D58FAC03B408D766029A0545540C7609A29FAC03B40AF5746FA9F545540972B964BF8C03B40B5BA9FCA9E545540675B572AFAC03B406A50C4279F54554088679ADBFDC03B40
74	63B House Owner	63B	B	0.000303497868880000024	4.83541072158000002e-09	0106000020E6100000010000000103000000010000000D000000778DDC8EA1545540CAF36F97FDC03B40D60B3D83A2545540489E2E16FCC03B402E349F2CA25455408BCE23A7F8C03B40D911A730A2545540264FCCA0F8C03B4071403629A2545540CD5D4455F8C03B40A7752F25A25455409928A05BF8C03B40B3E0C904A2545540D9FADB12F7C03B405EBED108A2545540D52F800CF7C03B40F6EC6001A25455401B8AFCC0F6C03B40B78EC279A1545540C74EC796F7C03B4033BB199BA1545540CC8028E9F8C03B4067BD4F2AA15455400891F69AF9C03B40778DDC8EA1545540CAF36F97FDC03B40
75	64B House Owner	64B	B	0.000303490819814000007	4.83538136839000007e-09	0106000020E6100000010000000103000000010000000D000000DAB10113A35455408523CCDDFCC03B4039306207A454554002CE8A5CFBC03B40726BC5B0A354554046FE7FEDF7C03B403536CCB4A3545540FD7E28E7F7C03B40CD645BADA354554026D9A49BF7C03B400A9A54A9A35455408C58FCA1F7C03B40F617F088A3545540942A3859F6C03B40BAE2F68CA3545540C85FDC52F6C03B4052118685A3545540D5B95807F6C03B40FBC5E8FDA254554005CA27DDF6C03B4096DF3E1FA354554087B0842FF8C03B40ABF475AEA2545540C2C052E1F8C03B40DAB10113A35455408523CCDDFCC03B40
76	65B House Owner	65B	B	0.000303491383523000005	4.83539355752000036e-09	0106000020E6100000010000000103000000010000000D000000FD3EDE76A4545540A35E50DCFAC03B4055BD3E6BA55455403D090F5BF9C03B408EF8A114A5545540643904ECF5C03B405FC3A818A55455401BBAACE5F5C03B40F7F13711A55455402914299AF5C03B402627310DA5545540AA9380A0F5C03B4019A5CCECA4545540B365BC57F4C03B40DD6FD3F0A4545540E79A6051F4C03B40759E62E9A4545540F4F4DC05F4C03B401E53C561A4545540BDB9A7DBF4C03B40B26C1B83A4545540A6EB082EF6C03B40CE815212A4545540FDFBD6DFF6C03B40FD3EDE76A4545540A35E50DCFAC03B40
77	66B House Owner	66B	B	0.000303492850217999995	4.83538787541000027e-09	0106000020E6100000010000000103000000010000000E000000E2B53134A654554009AA3F3CF7C03B4029049850A6545540CD337B5CF8C03B405DE28855A65455408B909C8EF8C03B4091E4BEE4A5545540C6A06A40F9C03B40A2B44B49A65455408903E43CFDC03B40F932AC3DA754554007AEA2BBFBC03B40515B0EE7A65455404ADE974CF8C03B40232615EBA6545540C85E4046F8C03B40BB54A4E3A6545540F2B8BCFAF7C03B40E9899DDFA654554057381401F8C03B40D60739BFA6545540980A50B8F6C03B40A7D23FC3A6545540943FF4B1F6C03B403F01CFBBA6545540DA997066F6C03B40E2B53134A654554009AA3F3CF7C03B40
78	27D House Owner	27D	D	0.000292004110551	4.21509285534999973e-09	0106000020E6100000010000000103000000010000000B0000007237B356A754554087DA9E6FF7C03B40038FA44EA7545540D524527CF7C03B401D00AEBAA7545540DD6FC7C4FBC03B40EEE800A7A8545540A8643950FAC03B4013007131A8545540393414A7F5C03B40DFDFEEB9A7545540CEAF7C63F6C03B40AA638DCEA75455403439B734F7C03B40BE95BA9EA754554075CE1C80F7C03B40C5E279A1A75455406856039CF7C03B40A97D8964A7545540FD5114FCF7C03B407237B356A754554087DA9E6FF7C03B40
79	28D House Owner	28D	D	0.000276756689180999993	4.48610002547000036e-09	0106000020E610000001000000010300000001000000070000001E55063BA954554003F01246FAC03B40EE3D5927AA5455406D3089D1F8C03B407E3DADAFA95455409925E612F4C03B402B302C38A9545540AB554ACFF4C03B4055D2CF43A9545540F4C97345F5C03B40C609FFCEA8545540945999FDF5C03B401E55063BA954554003F01246FAC03B40
80	87C House Owner	87C	C	0.000268386280183999985	4.11009267392000016e-09	0106000020E610000001000000010300000001000000070000006277C1ADA9545540AB456DF7FFC03B40BFAE8E9FAA5455408478BA79FEC03B40A5986C71AA545540F6062AA6FCC03B40EA1AE69EAA5455403CCC415EFCC03B40FEFBCB6FAA545540389ECF80FAC03B40A91C8350A954554085954C46FCC03B406277C1ADA9545540AB456DF7FFC03B40
81	36C House Owner	36C	C	0.000268387415213000027	4.11012081164999987e-09	0106000020E61000000100000001030000000100000007000000F95DF7A7AB545540BB67CD3EF8C03B40DD1F4DC7AC54554029FECC79F6C03B40179D296AAC54554084A685C8F2C03B40FAA85178AB5455405EC8C845F4C03B40A9C965A6AB545540FDFE7219F6C03B40A321EA78AB545540A6744161F6C03B40F95DF7A7AB545540BB67CD3EF8C03B40
82	35C House Owner	35C	C	0.000268387585366000006	4.11012923341000021e-09	0106000020E61000000100000001030000000100000007000000179D296AAC54554084A685C8F2C03B406907050DAC545540FB4E3E17EFC03B4045132D1BAB545540B9708194F0C03B40D5464249AB545540BA5B2768F2C03B40D69EC61BAB5455401D1DFAAFF2C03B4032DBD34AAB5455401610868DF4C03B40179D296AAC54554084A685C8F2C03B40
83	34C House Owner	34C	C	0.000268385439874000017	4.11005169938000002e-09	0106000020E6100000010000000103000000010000000700000045132D1BAB545540B9708194F0C03B406907050DAC545540FB4E3E17EFC03B409584E1AFAB54554056F7F665EBC03B40B7C28B90AA5455404A15F32AEDC03B4013FF98BFAA545540A3BC7A08EFC03B407D051AEDAA5455409C85DBC0EEC03B4045132D1BAB545540B9708194F0C03B40
84	33C House Owner	33C	C	0.000268384427652000005	4.11004073623000027e-09	0106000020E610000001000000010300000001000000070000009584E1AFAB54554056F7F665EBC03B40EEEEBC52AB545540959FAFB4E7C03B40B10DE660AA545540D60CF731E9C03B405A2EFA8EAA5455408CAC9805EBC03B405B867E61AA545540B76D6B4DEBC03B40B7C28B90AA5455404A15F32AEDC03B409584E1AFAB54554056F7F665EBC03B40
85	32C House Owner	32C	C	0.00026838560937399999	4.1100713499700003e-09	0106000020E61000000100000001030000000100000007000000EEEEBC52AB545540959FAFB4E7C03B401A6C99F5AA5455400D486803E4C03B4035AA43D6A9545540E46564C8E5C03B4079F95105AA545540760DECA5E7C03B4002EDD132AA54554036D64C5EE7C03B40B10DE660AA545540D60CF731E9C03B40EEEEBC52AB545540959FAFB4E7C03B40
86	31C House Owner	31C	C	0.00026838425815900002	4.11006450630000024e-09	0106000020E6100000010000000103000000010000000700000035AA43D6A9545540E46564C8E5C03B401A6C99F5AA5455400D486803E4C03B4053E97598AA54554068F02052E0C03B4036F59DA6A9545540091264CFE1C03B40E615B2D4A954554026FD09A3E3C03B40BA8037A7A95455408ABEDCEAE3C03B4035AA43D6A9545540E46564C8E5C03B40
87	30C House Owner	30C	C	0.00026838431223099999	4.11004882946000021e-09	0106000020E6100000010000000103000000010000000700000053E97598AA54554068F02052E0C03B40A653513BAA545540A798D9A0DCC03B40A2A4FC1BA9545540B6B6D565DEC03B40FEE0094BA95455402C5E5D43E0C03B4087D48978A95455400927BEFBDFC03B4036F59DA6A9545540091264CFE1C03B4053E97598AA54554068F02052E0C03B40
88	29C House Owner	29C	C	0.000268385554514999998	4.11004751282000032e-09	0106000020E61000000100000001030000000100000007000000A2A4FC1BA9545540B6B6D565DEC03B40A653513BAA545540A798D9A0DCC03B40D1D02DDEA9545540024192EFD8C03B40BBDC55ECA8545540DC62D56CDAC03B404B106B1AA9545540F94D7B40DCC03B404568EFECA8545540BDC34988DCC03B40A2A4FC1BA9545540B6B6D565DEC03B40
89	28C House Owner	28C	C	0.000268386003986999981	4.11011466364000008e-09	0106000020E61000000100000001030000000100000007000000BBDC55ECA8545540DC62D56CDAC03B40D1D02DDEA9545540024192EFD8C03B400B4E0A81A9545540F69D463ED5C03B40268CB461A8545540EABB4203D7C03B4083C8C190A85455404463CAE0D8C03B40E5CE42BEA8545540A3772F99D8C03B40BBDC55ECA8545540DC62D56CDAC03B40
90	27C House Owner	27C	C	0.000268385554560999985	4.11006414491999998e-09	0106000020E61000000100000001030000000100000007000000268CB461A8545540EABB4203D7C03B400B4E0A81A9545540F69D463ED5C03B405DB8E523A95455403646FF8CD1C03B401AD70E32A8545540F367420AD3C03B40C9F72260A8545540939EECDDD4C03B40CA4FA732A85455405714BB25D5C03B40268CB461A8545540EABB4203D7C03B40
91	26C House Owner	26C	C	0.000268383015930999977	4.11004794555000039e-09	0106000020E610000001000000010300000001000000070000001AD70E32A8545540F367420AD3C03B405DB8E523A95455403646FF8CD1C03B408935C2C6A8545540ADEEB7DBCDC03B40AB736CA7A7545540840CB4A0CFC03B40E1C27AD6A754554016B43B7ED1C03B4071B6FA03A854554059C8A036D1C03B401AD70E32A8545540F367420AD3C03B40
92	25C House Owner	25C	C	0.000268386173108000009	4.11008344547000018e-09	0106000020E610000001000000010300000001000000070000005354EBD4A7545540EE5BFF58CFC03B408935C2C6A8545540ADEEB7DBCDC03B40C3B29E69A85455400897702ACAC03B40DEF0484AA7545540FBB46CEFCBC03B403A2D5679A7545540555CF4CCCDC03B409D33D7A6A75455404E255585CDC03B405354EBD4A7545540EE5BFF58CFC03B40
93	13C House Owner	13C	C	0.000268385554942000013	4.11008087916000029e-09	0106000020E61000000100000001030000000100000007000000E68C53DAA654554058879480C7C03B40CA4EA9F9A7545540656998BBC5C03B40FDCB859CA7545540DD11510AC2C03B40D9D7ADAAA65455409A339487C3C03B408FF8C1D8A6545540B71E3A5BC5C03B408A5046ABA6545540E2DF0CA3C5C03B40E68C53DAA654554058879480C7C03B40
94	14C House Owner	14C	C	0.000268386288379000003	4.1100893709099997e-09	0106000020E61000000100000001030000000100000007000000120A307DA6545540B42F4DCFC3C03B40FDCB859CA7545540DD11510AC2C03B404F36613FA754554038BA0959BEC03B403242894DA6545540D9DB4CD6BFC03B40C2759E7BA6545540F6C6F2A9C1C03B40B5CD224EA65455405A88C5F1C1C03B40120A307DA6545540B42F4DCFC3C03B40
95	15C House Owner	15C	C	0.000268385439769000024	4.11005169842999963e-09	0106000020E610000001000000010300000001000000070000003242894DA6545540D9DB4CD6BFC03B404F36613FA754554038BA0959BEC03B4082B33DE2A65455407762C2A7BAC03B409DF1E7C2A55455408680BE6CBCC03B40FA2DF5F1A5545540FC27464ABEC03B406334761FA6545540D9F0A602BEC03B403242894DA6545540D9DB4CD6BFC03B40
96	16C House Owner	16C	C	0.000268386851514000005	4.1101038172200004e-09	0106000020E610000001000000010300000001000000070000009DF1E7C2A55455408680BE6CBCC03B4082B33DE2A65455407762C2A7BAC03B40CD1D1985A65455406BBF76F6B6C03B40903C4293A5545540AC2CBE73B8C03B40475D56C1A5545540C9176447BAC03B4041B5DA93A55455408D8D328FBAC03B409DF1E7C2A55455408680BE6CBCC03B40
97	17C House Owner	17C	C	0.000268384876645000011	4.11009436284999973e-09	0106000020E61000000100000001030000000100000007000000903C4293A5545540AC2CBE73B8C03B40CD1D1985A65455406BBF76F6B6C03B40079BF527A6545540C6672F45B3C03B4022D99F08A5545540BA852B0AB5C03B407E15AD37A5545540142DB3E7B6C03B40E11B2E65A5545540734118A0B6C03B40903C4293A5545540AC2CBE73B8C03B40
98	18C House Owner	18C	C	0.000268384821415000021	4.11006458241000013e-09	0106000020E61000000100000001030000000100000007000000079BF527A6545540C6672F45B3C03B403A18D2CAA55455400510E893AFC03B401524FAD8A4545540C3312B11B1C03B40C5440E07A55455406368D5E4B2C03B40A7AF93D9A454554027DEA32CB3C03B4022D99F08A5545540BA852B0AB5C03B40079BF527A6545540C6672F45B3C03B40
99	19C House Owner	19C	C	0.000268383015890000004	4.11005974858999961e-09	0106000020E610000001000000010300000001000000070000003A18D2CAA55455400510E893AFC03B408582AD6DA55455407DB8A0E2ABC03B4081D3584EA454554054D69CA7ADC03B40DD0F667DA4545540E67D2485AFC03B406603E6AAA45455402992893DAFC03B401524FAD8A4545540C3312B11B1C03B403A18D2CAA55455400510E893AFC03B40
100	20C House Owner	20C	C	0.000268384427610000018	4.11002435989999989e-09	0106000020E610000001000000010300000001000000070000008582AD6DA55455407DB8A0E2ABC03B40BEFF8910A5545540D8605931A8C03B40A10BB21EA454554019CEA0AEA9C03B40313FC74CA4545540966D4282ABC03B4025974B1FA4545540FA2E15CAABC03B4081D3584EA454554054D69CA7ADC03B408582AD6DA55455407DB8A0E2ABC03B40
101	21C House Owner	21C	C	0.000268386736973000002	4.11008602478000035e-09	0106000020E61000000100000001030000000100000007000000A10BB21EA454554019CEA0AEA9C03B40BEFF8910A5545540D8605931A8C03B40F17C66B3A454554017091280A4C03B4006BB1094A354554026270E45A6C03B4062F71DC3A35455409CCE9522A8C03B40D2FD9EF0A35455407997F6DAA7C03B40A10BB21EA454554019CEA0AEA9C03B40
102	22C House Owner	22C	C	0.000268384991424000009	4.11006407261999978e-09	0106000020E6100000010000000103000000010000000700000006BB1094A354554026270E45A6C03B40F17C66B3A454554017091280A4C03B4043E74156A454554072B1CACEA0C03B4007066B64A35455404CD30D4CA2C03B40B6267F92A354554069BEB31FA4C03B40A97E0365A3545540947F8667A4C03B4006BB1094A354554026270E45A6C03B40
103	23C House Owner	23C	C	0.000268384876088999995	4.1100491233299997e-09	0106000020E6100000010000000103000000010000000700000007066B64A35455404CD30D4CA2C03B4043E74156A454554072B1CACEA0C03B4076641EF9A3545540EA59831D9DC03B4091A2C8D9A2545540DD777FE29EC03B40EEDED508A3545540371F07C0A0C03B4057E55636A354554013E86778A0C03B4007066B64A35455404CD30D4CA2C03B40
104	24C House Owner	24C	C	0.000268385554982999985	4.11008088179000037e-09	0106000020E6100000010000000103000000010000000700000091A2C8D9A2545540DD777FE29EC03B4076641EF9A3545540EA59831D9DC03B40A2E1FA9BA354554029023C6C99C03B4085ED22AAA2545540E6237FE99AC03B403B0E37D8A2545540030F25BD9CC03B403566BBAAA254554067D0F7049DC03B4091A2C8D9A2545540DD777FE29EC03B40
105	C House Owner	C	C	0.000268384991366000017	4.11004769974999994e-09	0106000020E61000000100000001030000000100000007000000EDDE7D9AA254554076B3F0099AC03B40DDB4CF86A35455405DA8629598C03B406EEC7E27A3545540E8D702CE94C03B40A67195B2A254554029A6578695C03B404EC1A0A0A2545540F50569D094C03B4077D73E29A254554066F79D8C95C03B40EDDE7D9AA254554076B3F0099AC03B40
106	1B House Owner	1B	B	0.00030005428601200001	4.84695791422000001e-09	0106000020E610000001000000010300000001000000070000006B719A66A3545540B52694C091C03B4009631067A45455409D07482C90C03B401ACC9B3AA4545540521020698EC03B409B18348FA4545540645EC3E38DC03B404947575BA4545540185C69D58BC03B4029094906A3545540D97816EF8DC03B406B719A66A3545540B52694C091C03B40
107	2B House Owner	2B	B	0.000300054285928999997	4.84695481297999986e-09	0106000020E6100000010000000103000000010000000700000072C0C5C2A4545540D40AEA9390C03B403995B86DA3545540792797AD92C03B409AEA08CEA3545540F420197F96C03B4032DC7ECEA454554059B6C8EA94C03B4049450AA2A45455402ABFA02793C03B40CA91A2F6A45455403C0D44A292C03B4072C0C5C2A4545540D40AEA9390C03B40
108	3B House Owner	3B	B	0.000300052989023999993	4.84697223422000011e-09	0106000020E61000000100000001030000000100000007000000C66C8443A4545540D42870279BC03B40655EFA43A554554039BE1F9399C03B4056DA8617A55455400AC7F7CF97C03B40F7131E6CA55455401C159B4A97C03B40A5424138A5545540B412413C95C03B40661734E3A3545540592FEE5597C03B40C66C8443A4545540D42870279BC03B40
109	4B House Owner	4B	B	0.000300053552717999999	4.84691187786000007e-09	0106000020E61000000100000001030000000100000007000000B5CB65ADA554554076D625E599C03B4076A05858A454554098A7CEFE9BC03B40D6F5A8B8A454554013A150D09FC03B4075E71EB9A55455407836003C9EC03B408650AA8CA5545540493FD8789CC03B40079D42E1A5545540C2D87FF39BC03B40B5CB65ADA554554076D625E599C03B40
110	5B House Owner	5B	B	0.000322073218245000012	5.52939453188999995e-09	0106000020E610000001000000010300000001000000070000004D096C61A5545540C73FBD77A6C03B40C12C9164A6545540058032DFA4C03B40EB40E233A6545540AB1F13F1A2C03B4096B89598A654554006D94F52A2C03B4039EA6E5FA65455401EA6410EA0C03B40333C95F7A45455404CAC8F45A2C03B404D096C61A5545540C73FBD77A6C03B40
111	7B House Owner	7B	B	0.000300051692021999997	4.8469001207800003e-09	0106000020E61000000100000001030000000100000007000000CBF7BEEBA5545540E87A6EF7ABC03B406AE934ECA654554014101E63AAC03B405B65C1BFA6545540E518F69FA8C03B40F59E5814A754554097B29D1AA8C03B40AACD7BE0A65455404AB0430CA6C03B406BA26E8BA5545540D4CCF025A8C03B40CBF7BEEBA5545540E87A6EF7ABC03B40
112	8B House Owner	8B	B	0.000300052988991999982	4.84697223256999978e-09	0106000020E61000000100000001030000000100000007000000BF364561A654554076E230A0B0C03B405E28BB61A7545540DA77E00BAFC03B404FA44735A7545540AC80B848ADC03B40E9DDDE89A7545540BECE5BC3ACC03B409E0C0256A754554055CC01B5AAC03B405FE1F400A654554017E9AECEACC03B40BF364561A654554076E230A0B0C03B40
113	9B House Owner	9B	B	0.000300052988991999982	4.84697223256999978e-09	0106000020E61000000100000001030000000100000007000000E5B8C0D6A654554056EA8748B5C03B408AAA36D7A7545540BA7F37B4B3C03B407526C3AAA75455408C880FF1B1C03B4015605AFFA75455409ED6B26BB1C03B40CA8E7DCBA754554035D4585DAFC03B408B637076A6545540F7F00577B1C03B40E5B8C0D6A654554056EA8748B5C03B40
114	10B House Owner	10B	B	0.000300051691985000026	4.84692539406000001e-09	0106000020E610000001000000010300000001000000070000001179C364A754554035787BEABAC03B40B76A3965A85455409A0D2B56B9C03B40A1E6C538A85455406B160393B7C03B4042205D8DA85455407D64A60DB7C03B40F74E8059A854554097AD50FFB4C03B40B1237304A7545540D67EF918B7C03B401179C364A754554035787BEABAC03B40
115	11B House Owner	11B	B	0.000300052255691999996	4.84692929547000009e-09	0106000020E61000000100000001030000000100000007000000DD1286EFA7545540CCDDF469C0C03B408204FCEFA8545540F872A4D5BEC03B406D8088C3A8545540C97B7C12BDC03B400DBA1F18A95455407A15248DBCC03B40C2E842E4A85455402E13CA7EBAC03B4083BD358FA754554034E47298BCC03B40DD1286EFA7545540CCDDF469C0C03B40
116	12B House Owner	12B	B	0.000300052255670000016	4.84692539378999998e-09	0106000020E6100000010000000103000000010000000700000015C31265A854554017D52D12C5C03B40BBB48865A9545540C6B5E17DC3C03B40A5301539A95455401473B5BAC1C03B40466AAC8DA9545540A90C5D35C1C03B40FB98CF59A9545540790A0327BFC03B40BB6DC204A85455400227B040C1C03B4015C31265A854554017D52D12C5C03B40
117	30B House Owner	30B	B	0.000300054849742999988	4.84695312940999997e-09	0106000020E6100000010000000103000000010000000700000022BC844AA9545540E4556129CEC03B40B9ADFA4AAA545540CB361595CCC03B40CA16861EAA5455401AF4E8D1CAC03B4052631E73AA545540938D904CCAC03B40F991413FAA545540468B363EC8C03B40D95333EAA854554008A8E357CAC03B4022BC844AA9545540E4556129CEC03B40
118	31B House Owner	31B	B	0.000300052988885999975	4.84697223113999971e-09	0106000020E610000001000000010300000001000000070000004E3E00C0A954554047A9BCD1D2C03B40E62F76C0AA545540AB3E6C3DD1C03B40DEAB0294AA5455407C47447ACFC03B407EE599E8AA5455407295E7F4CEC03B402614BDB4AA54554026938DE6CCC03B40EDE8AF5FA9545540E8AF3A00CFC03B404E3E00C0A954554047A9BCD1D2C03B40
119	32B House Owner	32B	B	0.000300052988991999982	4.84697223256999978e-09	0106000020E610000001000000010300000001000000070000007AC07B35AA54554027B1137AD7C03B4019B2F135AB5455408B46C3E5D5C03B400A2E7E09AB5455405C4F9B22D4C03B40AB67155EAB545540529D3E9DD3C03B405996382AAB545540069BE48ED1C03B401A6B2BD5A9545540C8B791A8D3C03B407AC07B35AA54554027B1137AD7C03B40
120	33B House Owner	33B	B	0.000300052989002000013	4.84695567324000021e-09	0106000020E61000000100000001030000000100000007000000A742F7AAAA545540836D6622DCC03B4026476EABAB5455406B4E1A8EDAC03B4037B0F97EAB5455403C57F2CAD8C03B40D7E990D3AB54554032A59545D8C03B408618B49FAB545540E6A23B37D6C03B4046EDA64AAA545540A8BFE850D8C03B40A742F7AAAA545540836D6622DCC03B40
121	34B House Owner	34B	B	0.000300054849702000015	4.84695312926999965e-09	0106000020E61000000100000001030000000100000007000000ADD77320AB5455406375BDCAE0C03B4053C9E920AC5455404B567136DFC03B40633275F4AB54554099134573DDC03B40DD7E0D49AC54554012ADECEDDCC03B4093AD3015AC545540C6AA92DFDAC03B40736F22C0AA54554087C73FF9DCC03B40ADD77320AB5455406375BDCAE0C03B40
122	35B House Owner	35B	B	0.000317282574058999991	5.34201414614000005e-09	0106000020E6100000010000000103000000010000000700000017352AA0AB5455405956EEDAE5C03B40A7C31496AC54554008F03957E4C03B404B7ADD64AC545540DA2BBC63E2C03B40317C19CCAC545540A9B1FAC0E1C03B40FB9AF192AC545540887EEC7CDFC03B409EF7C935AB54554004C859A3E1C03B4017352AA0AB5455405956EEDAE5C03B40
123	36B House Owner	36B	B	0.000300052989023999993	4.84697223422000011e-09	0106000020E6100000010000000103000000010000000700000009E4D02AAC5455409E6C1A5AEBC03B40AED5462BAD545540E601CAC5E9C03B409951D3FEAC545540B70AA202E8C03B40398B6A53AD545540C958457DE7C03B40EEB98D1FAD5455407D56EB6EE5C03B40AF8E80CAAB54554007739888E7C03B4009E4D02AAC5455409E6C1A5AEBC03B40
124	37B House Owner	37B	B	0.000300054286047000008	4.84698030913999984e-09	0106000020E6100000010000000103000000010000000700000016794DA0AC5455407E747102F0C03B40B56AC3A0AD545540C609216EEEC03B40C5D34E74AD5455409712F9AAECC03B40660DE6C8AD545540A9609C25ECC03B40F54E0A95AD5455405D5E4217EAC03B40D510FC3FAC545540E67AEF30ECC03B4016794DA0AC5455407E747102F0C03B40
125	38B House Owner	38B	B	0.000300055583054999978	4.84699996864000008e-09	0106000020E6100000010000000103000000010000000700000049FBC815AD5455405D7CC8AAF4C03B40E1EC3E16AE5455408A117816F3C03B40F155CAE9AD545540771A5053F1C03B407AA2623EAE5455408968F3CDF0C03B4021D1850AAE5455403D6699BFEEC03B40019377B5AC545540C68246D9F0C03B4049FBC815AD5455405D7CC8AAF4C03B40
126	39B House Owner	39B	B	0.000300052988885999975	4.84697223135999998e-09	0106000020E61000000100000001030000000100000007000000767D448BAD5455403D841F53F9C03B400D6FBA8BAE5455406919CFBEF7C03B4006EB465FAE5455405722A7FBF5C03B40A624DEB3AE54554069704A76F5C03B404D530180AE5455401D6EF067F3C03B401528F42AAD545540A68A9D81F5C03B40767D448BAD5455403D841F53F9C03B40
127	13A House Owner	13A	A	0.000324141149520999977	5.52445058191000014e-09	0106000020E61000000100000001030000000100000009000000603E8E23AC545540C733C85ACCC03B4027B61A30AD54554079FF6CB3CAC03B4017E68DCBAC545540B69CF3B6C6C03B40F90D0650AC5455409497B379C7C03B407E5CBF26AC5455405842C6D6C5C03B4011F2B391AB5455409446BDC1C6C03B4086A3FABAAB545540099CAA64C8C03B40318102BFAB54554005D14E5EC8C03B40603E8E23AC545540C733C85ACCC03B40
128	11A House Owner	11A	A	0.000324140586045999974	5.52448291245000007e-09	0106000020E61000000100000001030000000100000009000000AB1743A6AD545540C2F925F9C9C03B406B8FCFB2AE54554058C5CA51C8C03B405BBF424EAE54554096625155C4C03B401E8A4952AE545540CA97F54EC4C03B40A9D80229AE545540554208ACC2C03B403D6EF793AD545540CA46FF96C3C03B4099323FBDAD545540069CEC39C5C03B40755AB741AD5455401C97ACFCC5C03B40AB1743A6AD545540C2F925F9C9C03B40
129	21D House Owner	21D	D	0.000274003865732999976	4.44393160295000035e-09	0106000020E610000001000000010300000001000000070000001D51F000AE5455405BA4A05ACBC03B40EAD3135EAE545540E3FBE70BCFC03B40A5263170AF545540E482C65BCDC03B40E3AF2642AF54554009157F88CBC03B403DA9525AAF545540BAEA6062CBC03B405F8A382BAF545540D4006184C9C03B401D51F000AE5455405BA4A05ACBC03B40
130	22D House Owner	22D	D	0.00029200207992800001	4.21506567320000026e-09	0106000020E6100000010000000103000000010000000B000000D5ED3D73AE545540480ABDE2CFC03B408A8362D0AE5455408CAD0894D3C03B403ED67FE2AF5455408D34E7E3D1C03B40B20353DFAF545540B792ACC3D1C03B40DBA535BCAF54554077AB05FBD1C03B40F66631A4AF54554006174407D1C03B400BF629ABAF545540E8E246FCD0C03B40BB905098AF54554054ABFB3CD0C03B40F545A0CCAF545540CAE785EACFC03B40F139879DAF5455407DB2810CCEC03B40D5ED3D73AE545540480ABDE2CFC03B40
131	23D House Owner	23D	D	0.000274004429229	4.44394413519999963e-09	0106000020E6100000010000000103000000010000000700000022DDB8FAAE545540D915B741D5C03B40EF5FDC57AF5455407E6DFEF2D8C03B400AAC2582B0545540F7C9BE1CD7C03B4006A00C53B0545540C794BA3ED5C03B40A5A6E03AB05455409373D464D5C03B40D62FD60CB054554057519191D3C03B4022DDB8FAAE545540D915B741D5C03B40
132	3E House Owner	3E	E	0.000299205505691000012	4.74835638242999973e-09	0106000020E6100000010000000103000000010000000A000000BEBFCF25AD5455406D2CC997D6C03B401791AC59AD545540B92E23A6D8C03B40C73718ADAD545540E536AF24D8C03B4016018FC1AD545540559D5EF4D8C03B40511007CCAD545540D3A5ECE5D8C03B40ABEE77E6AD545540D2F14AF2D9C03B40975A00D1AE545540AD748E80D8C03B40E6B6DF6FAE5455404659D17CD4C03B40F5CB6E6DAE545540584F4893D4C03B40BEBFCF25AD5455406D2CC997D6C03B40
133	9D House Owner	9D	D	0.000271139109915000001	4.37777865245999971e-09	0106000020E61000000100000001030000000100000007000000B59B525EAB545540F7D8A72DBFC03B4001A9D3D5AB545540E6A84371BEC03B400E777762AB54554077A97BDEB9C03B402BA12576AA545540C8B40953BBC03B409AF009E1AA545540A8E1E28FBFC03B4037B9DA55AB5455406906B9D7BEC03B40B59B525EAB545540F7D8A72DBFC03B40
134	8D House Owner	8D	D	0.000290794578606000007	4.65687299106999964e-09	0106000020E61000000100000001030000000100000009000000A3897234AA545540AC1D47B8B8C03B402D71F1ABAA5455409AEDE2FBB7C03B409E63B4B9AA545540C5F08587B8C03B4067F412ECAA54554059DC1D38B8C03B40192570D7AA545540AC31A766B7C03B400D7D4C18AB545540C6A8C1EDB6C03B407FCA47ABAA5455407573599BB2C03B4095F4F5BEA9545540C67EE70FB4C03B40A3897234AA545540AC1D47B8B8C03B40
135	7D House Owner	7D	D	0.000291797616058000022	4.64802573824999992e-09	0106000020E61000000100000001030000000100000009000000D95AC707A9545540A848C5CCACC03B40EDEF437DA9545540AAE72475B1C03B407FD7C2F4A954554098B7C0B8B0C03B4001B78402AA545540C3BA6344B1C03B40B15AE434AA54554056A6FBF4B0C03B40C985A91EAA5455407B396113B0C03B4077D01C61AA545540C4729FAAAFC03B40C93019F4A9545540733D3758ABC03B40D95AC707A9545540A848C5CCACC03B40
136	28B House Owner	28B	B	0.000308999345221000021	5.04753708351000025e-09	0106000020E61000000100000001030000000100000007000000E2442613A9545540CB786ECAAAC03B402733521AAA5455403DEE872BA9C03B4011AFDEEDA95455400EF75F68A7C03B400BC3334DAA545540C8A515D2A6C03B40B2F15619AA54554098A3BBC3A4C03B4099DCD4B2A8545540347FECF8A6C03B40E2442613A9545540CB786ECAAAC03B40
137	14D House Owner	14D	D	0.000292002249820000001	4.21509079028999978e-09	0106000020E6100000010000000103000000010000000B000000B58A6822A9545540840A4B92A0C03B40E9C3B04CAA54554036670BBC9EC03B40E4B7971DAA545540EA3107DE9CC03B40AA0248E9A954554074F57C309DC03B405A9D6ED6A9545540FCBD31719CC03B40450E76CFA95455409C3D337C9CC03B4059CF71B7A9545540A95D6D889BC03B40551A8EDAA9545540CD4414519BC03B40C24761D7A9545540F6A2D9309BC03B4007F543C5A85455407967FFE09CC03B40B58A6822A9545540840A4B92A0C03B40
138	13D House Owner	13D	D	0.000291246832120000017	4.21413484709999959e-09	0106000020E6100000010000000103000000010000000B000000B13E8D97A8545540EB600A119BC03B40CD8AD6C1A954554064BDCA3A99C03B40EF6BBC92A95455401888C65C97C03B40ADB66C5EA9545540DA4B3CAF97C03B4017442A4DA9545540D68A100097C03B4041C29A44A9545540E793F2FA96C03B406383962CA954554076FF300796C03B4039E1B34FA9545540179BD3CF95C03B40A60E874CA9545540A8449DAF95C03B400AA9683AA85455402A09C35F97C03B40B13E8D97A8545540EB600A119BC03B40
139	12D House Owner	12D	D	0.000292003546907999996	4.21509519696000017e-09	0106000020E6100000010000000103000000010000000B0000000AA9683AA85455402A09C35F97C03B40A60E874CA9545540A8449DAF95C03B40133C5A49A9545540EDA2628F95C03B4035DE3C26A95455404D07C0C695C03B40579F380EA9545540DC72FED294C03B40652E3115A95455403BF3FCC794C03B4015C95702A95455402A07B60894C03B405D7EA736A9545540E4F73BB693C03B4052728E07A954554098C237D891C03B403D2645DDA75455401E6677AE93C03B400AA9683AA85455402A09C35F97C03B40
140	11D House Owner	11D	D	0.000292000952740000008	4.21507006991999975e-09	0106000020E6100000010000000103000000010000000B000000BA9CB9C4A7545540D3D64EB592C03B4075EFD6D6A8545540D45D2D0591C03B40E21CAAD3A854554019BCF2E490C03B4004BF8CB0A8545540D9D44B1C91C03B4026808898A854554069408A2890C03B403B0F819FA8545540670C8D1D90C03B40C5BCA88CA85455403A20465E8FC03B400D72F8C0A85455402C11CC0B8FC03B402153DE91A8545540C4DBC72D8DC03B4005079567A75455404A7F07048FC03B40BA9CB9C4A7545540D3D64EB592C03B40
141	4D House Owner	4D	D	0.00029200298322499998	4.21507281039999964e-09	0106000020E6100000010000000103000000010000000B000000B9773009A7545540CD4E4E1A8EC03B40D1D00717A7545540877ABFA68EC03B40B56B17DAA6545540BBC1D4068FC03B40AE1E58D7A6545540C939EEEA8EC03B40C95085A7A654554026CF53368FC03B4005CDE692A654554005FA14658EC03B40B2BF651BA654554099757D218FC03B4086A8F590A6545540855A9ECA93C03B405791487DA75455406C4F105692C03B4036203F11A754554064049B0D8EC03B40B9773009A7545540CD4E4E1A8EC03B40
142	2D House Owner	2D	D	0.000292001867195000012	4.21506814625999988e-09	0106000020E6100000010000000103000000010000000B000000F1C4CCDBA4545540D97D167E82C03B40D95D7C4BA5545540A5C1E47B83C03B4059AF4267A5545540399E56B882C03B40537AF493A55455401B0EE41D83C03B407D97A897A55455408CF8D50383C03B40B6DB9BD0A55455403E59418583C03B406A13F7BDA5545540382C850884C03B4042717EC5A5545540F809A21984C03B40A8480957A6545540C406EA1880C03B40B5422D7AA5545540E9C801237EC03B40F1C4CCDBA4545540D97D167E82C03B40
143	1D House Owner	1D	D	0.00027400214038099998	4.44390461442999967e-09	0106000020E61000000100000001030000000100000007000000AA948C73A65455403A2724507FC03B40096C1705A754554007246C4F7BC03B40FFFEEA97A6545540F72952577AC03B407D92BFA4A6545540D9C3F9FC79C03B4095F90F35A65455400E802BFF78C03B4099A1B196A554554043E93B5A7DC03B40AA948C73A65455403A2724507FC03B40
144	82C House Owner	82C	C	0.000268386193611000023	4.11007886741999975e-09	0106000020E61000000100000001030000000100000007000000BED95018B1545540D7FF674BD8C03B407665DA15B2545540C7636E0DD8C03B40F9A6FF05B2545540F96A93FFD3C03B402B679188B1545540569E3E1ED4C03B40CD748E85B15455408615025BD3C03B402F9A7905B1545540397E507AD3C03B40BED95018B1545540D7FF674BD8C03B40
145	83C House Owner	83C	C	0.000268386276381000024	4.11008333436000003e-09	0106000020E610000001000000010300000001000000070000007665DA15B2545540C7636E0DD8C03B400F046513B3545540D3C774CFD7C03B4061D78E00B3545540B89161FED2C03B40B5FC7980B254554086FAAF1DD3C03B40A2F96E83B25455405683ECE0D3C03B40F9A6FF05B2545540F96A93FFD3C03B407665DA15B2545540C7636E0DD8C03B40
146	84C House Owner	84C	C	0.00026838603254100002	4.11006150487999983e-09	0106000020E61000000100000001030000000100000007000000BF14044DB3545540A8B658C1D7C03B4077A08D4AB454554037666383D7C03B408A99B937B45455401C3050B2D2C03B40FDABA3B7B3545540CE989ED1D2C03B40F1A898BAB35455409E21DB94D3C03B404256293DB3545540DABD7DB3D3C03B40BF14044DB3545540A8B658C1D7C03B40
147	85C House Owner	85C	C	0.000288159296340999987	4.44354085824000021e-09	0106000020E6100000010000000103000000010000000F000000C1E92F84B4545540385CD975D7C03B4089385BB5B5545540A8864A2BD7C03B40AD1FC3ACB55455409980A6F8D4C03B40E16A9C6EB5545540BB72D507D5C03B408E0ED069B5545540E77AB2CDD3C03B4079D9FF38B5545540FE659F2AD3C03B407ABB2338B5545540CEB986F3D2C03B4041DC351EB5545540B684E2F9D2C03B401ACD7D1EB5545540AA6DDA0BD3C03B403F716F07B5545540F33D7911D3C03B404E932807B55455401B5581FFD2C03B40D7D93CEDB4545540FE88D405D3C03B40697A65EBB4545540F9BB7C8DD2C03B407DB26771B454554023E44CABD2C03B40C1E92F84B4545540385CD975D7C03B40
148	58B House Owner	58B	B	0.000300052988991999982	4.84697223256999978e-09	0106000020E6100000010000000103000000010000000700000031151DF4A5545540F9328B2FDEC03B40D70693F4A65455405EC83A9BDCC03B40C1821FC8A654554013D112D8DAC03B4062BCB61CA7545540251FB652DAC03B4017EBD9E8A6545540D91C5C44D8C03B40D0BFCC93A55455409B39095EDAC03B4031151DF4A5545540F9328B2FDEC03B40
149	57B House Owner	57B	B	0.000300052988991999982	4.84697223256999978e-09	0106000020E610000001000000010300000001000000070000000593A17EA55455401A2B3487D9C03B40AA84177FA65455407EC0E3F2D7C03B409500A452A654554033C9BB2FD6C03B40353A3BA7A654554045175FAAD5C03B40EA685E73A6545540F914059CD3C03B40AB3D511EA5545540BB31B2B5D5C03B400593A17EA55455401A2B3487D9C03B40
150	56B House Owner	56B	B	0.000300052988991999982	4.84697223256999978e-09	0106000020E6100000010000000103000000010000000700000013E4FAF3A4545540D5140808D4C03B40B2D570F4A554554039AAB773D2C03B40A351FDC7A55455400BB38FB0D0C03B403D8B941CA65455401D01332BD0C03B40F2B9B7E8A5545540B4FED81CCEC03B40B38EAA93A4545540761B8636D0C03B4013E4FAF3A4545540D5140808D4C03B40
151	20D House Owner	20D	D	0.000291999825279000013	4.21502592347000002e-09	0106000020E6100000010000000103000000010000000B000000BE81D825AC545540455D9927BFC03B40F2BA2050AD545540F7B95951BDC03B40EDAE0721AD545540AA845573BBC03B40B3F9B7ECAC545540B893CFC5BBC03B406394DED9AC545540235C8406BBC03B404E05E6D2AC5455405D908111BBC03B4062C6E1BAAC545540EDFBBF1DBAC03B405E11FEDDAC5455408D9762E6B9C03B40CB3ED1DAAC5455403A412CC6B9C03B4009ECB3C8AB545540BC055276BBC03B40BE81D825AC545540455D9927BFC03B40
152	19D House Owner	19D	D	0.000292002249670999994	4.21511385007999987e-09	0106000020E6100000010000000103000000010000000B000000306CA4D7AC545540489FF1A5B9C03B40610E87B4AC54554024B84ADDB9C03B4075CF829CAC545540B32389E9B8C03B408A5E7BA3AC54554096EF8BDEB8C03B40210CA390AC5455408403451FB8C03B4063C1F2C4AC54554077F4CACCB7C03B407EA2D895AC5455402ABFC6EEB5C03B4062568F6BAB545540786206C5B7C03B4009ECB3C8AB545540BC055276BBC03B40CB3ED1DAAC5455403A412CC6B9C03B40306CA4D7AC545540489FF1A5B9C03B40
153	18D House Owner	18D	D	0.000292002249820000001	4.21509079028999978e-09	0106000020E6100000010000000103000000010000000B000000C5736AF2AA54554057730499B2C03B4056CB5BEAAA545540A5BDB7A5B2C03B40773C6556AB545540AD082DEEB6C03B403A25B842AC545540D9B19A79B5C03B40663C28CDAB54554009CD79D0B0C03B40132FA755AB5455401BFDDD8CB1C03B40F69F446AAB54554004D21C5EB2C03B4011D2713AAB545540456782A9B2C03B40F931323DAB54554099A364C5B2C03B4003BA4000AB545540499F7525B3C03B40C5736AF2AA54554057730499B2C03B40
154	1E House Owner	1E	E	0.000318299849949999999	4.97369265677999999e-09	0106000020E6100000010000000103000000010000000D00000089D3E340AD5455401B84915CD3C03B407D61252BAE54554016FA54EDD1C03B40E2D293C7AD54554043201300CEC03B40593F7AE6AC5455407D94424ECFC03B40997408DAAC54554077041FB3CEC03B40BA607385AC545540C66A7738CFC03B407F074899AC545540B945F6C7CFC03B40B2C6F47FAC545540B9B18F04D0C03B40F3CC8BB3AC5455405DA76915D2C03B40A66DCB06AD545540E71F2A92D1C03B400308B41BAD545540DA222561D2C03B4055E27126AD54554083833750D2C03B4089D3E340AD5455401B84915CD3C03B40
155	17D House Owner	17D	D	0.000292003546713000002	4.21509979250000011e-09	0106000020E6100000010000000103000000010000000B00000077CB84B5AA545540761C6F8DB0C03B4041B4D7A1AB5455405D11E118AFC03B4067CB472CAB545540D2E0BB6FAAC03B4033ABC5B4AA545540675C242CABC03B40FD2E64C9AA545540E9E55EFDABC03B4011619199AA545540477BC448ACC03B401FAE509CAA5455409AB7A664ACC03B400349605FAA54554096FEBBC4ACC03B40C5028A51AA54554059874638ACC03B40575A7B49AA545540A6D1F944ACC03B4077CB84B5AA545540761C6F8DB0C03B40
156	5D House Owner	5D	D	0.000292002249697999989	4.21511547589999983e-09	0106000020E6100000010000000103000000010000000B000000CA5BCCD4A65455404CED1A7B96C03B40AB445C4AA7545540BB1D40249BC03B40752DAF36A8545540E7C6ADAF99C03B404EBCA5CAA7545540177C386795C03B40DF1397C2A754554048C6EB7395C03B40165A6DD0A75455403BF25C0096C03B40FAF47C93A75455403639726096C03B40F3A7BD90A7545540E3FC8F4496C03B400EDAEA60A7545540BD46F18F96C03B401D694D4CA7545540B871B2BE95C03B40CA5BCCD4A65455404CED1A7B96C03B40
157	6D House Owner	6D	D	0.000292003546671999975	4.2150997884e-09	0106000020E6100000010000000103000000010000000B0000003D7441EAA7545540541F0B7BA1C03B406A94C361A8545540DCA3A2BEA0C03B40A710254DA8545540591A68ED9FC03B4085DEF77CA8545540188502A29FC03B407D91387AA8545540A84820869FC03B4099F628B7A8545540AD010B269FC03B40D73CFFC4A8545540067980B29FC03B4046E50DCDA8545540B92ECDA59FC03B4025740461A8545540CDE3575D9BC03B40628BB174A7545540E5EEE5D19CC03B403D7441EAA7545540541F0B7BA1C03B40
158	3D House Owner	3D	D	0.000292002813316000025	4.2150896064599998e-09	0106000020E6100000010000000103000000010000000B0000006E0C8FD7A55455400AE300718CC03B4031F5E1C3A6545540B9D772FC8AC03B401784D857A65455406641F9B386C03B4082EECA4FA6545540978BACC086C03B40B934A15DA65455400D03224D87C03B409DCFB020A654554085FE32AD87C03B409682F11DA65455404EC2509187C03B40AAB41EEEA55455407357B6DC87C03B40C74381D9A55455408A82770B87C03B409323FF61A554554002FEDFC787C03B406E0C8FD7A55455400AE300718CC03B40
159	59B House Owner	59B	B	0.000312105939774000014	5.49873447563000006e-09	0106000020E610000001000000010300000001000000070000006B59C35499545540B76665DA02C13B4019E3BBE899545540A78328B808C13B40C9A185D19A5455401422BA4907C13B4003798A4A9A545540232BD1EF01C13B40D55624DA995455405602B3A002C13B40C989CFCD9954554029B9F81802C13B406B59C35499545540B76665DA02C13B40
\.


--
-- Data for Name: geocode_settings; Type: TABLE DATA; Schema: tiger; Owner: postgres
--

COPY tiger.geocode_settings (name, setting, unit, category, short_desc) FROM stdin;
\.


--
-- Data for Name: pagc_gaz; Type: TABLE DATA; Schema: tiger; Owner: postgres
--

COPY tiger.pagc_gaz (id, seq, word, stdword, token, is_custom) FROM stdin;
\.


--
-- Data for Name: pagc_lex; Type: TABLE DATA; Schema: tiger; Owner: postgres
--

COPY tiger.pagc_lex (id, seq, word, stdword, token, is_custom) FROM stdin;
\.


--
-- Data for Name: pagc_rules; Type: TABLE DATA; Schema: tiger; Owner: postgres
--

COPY tiger.pagc_rules (id, rule, is_custom) FROM stdin;
\.


--
-- Data for Name: topology; Type: TABLE DATA; Schema: topology; Owner: postgres
--

COPY topology.topology (id, name, srid, "precision", hasz) FROM stdin;
\.


--
-- Data for Name: layer; Type: TABLE DATA; Schema: topology; Owner: postgres
--

COPY topology.layer (topology_id, layer_id, schema_name, table_name, feature_column, feature_type, level, child_id) FROM stdin;
\.


--
-- Name: auth_group_id_seq; Type: SEQUENCE SET; Schema: public; Owner: postgres
--

SELECT pg_catalog.setval('public.auth_group_id_seq', 1, false);


--
-- Name: auth_group_permissions_id_seq; Type: SEQUENCE SET; Schema: public; Owner: postgres
--

SELECT pg_catalog.setval('public.auth_group_permissions_id_seq', 1, false);


--
-- Name: auth_permission_id_seq; Type: SEQUENCE SET; Schema: public; Owner: postgres
--

SELECT pg_catalog.setval('public.auth_permission_id_seq', 28, true);


--
-- Name: auth_user_groups_id_seq; Type: SEQUENCE SET; Schema: public; Owner: postgres
--

SELECT pg_catalog.setval('public.auth_user_groups_id_seq', 1, false);


--
-- Name: auth_user_id_seq; Type: SEQUENCE SET; Schema: public; Owner: postgres
--

SELECT pg_catalog.setval('public.auth_user_id_seq', 1, true);


--
-- Name: auth_user_user_permissions_id_seq; Type: SEQUENCE SET; Schema: public; Owner: postgres
--

SELECT pg_catalog.setval('public.auth_user_user_permissions_id_seq', 1, false);


--
-- Name: django_admin_log_id_seq; Type: SEQUENCE SET; Schema: public; Owner: postgres
--

SELECT pg_catalog.setval('public.django_admin_log_id_seq', 1, false);


--
-- Name: django_content_type_id_seq; Type: SEQUENCE SET; Schema: public; Owner: postgres
--

SELECT pg_catalog.setval('public.django_content_type_id_seq', 7, true);


--
-- Name: django_migrations_id_seq; Type: SEQUENCE SET; Schema: public; Owner: postgres
--

SELECT pg_catalog.setval('public.django_migrations_id_seq', 19, true);


--
-- Name: utilities_buildings_id_seq; Type: SEQUENCE SET; Schema: public; Owner: postgres
--

SELECT pg_catalog.setval('public.utilities_buildings_id_seq', 159, true);


--
-- Name: auth_group auth_group_name_key; Type: CONSTRAINT; Schema: public; Owner: postgres
--

ALTER TABLE ONLY public.auth_group
    ADD CONSTRAINT auth_group_name_key UNIQUE (name);


--
-- Name: auth_group_permissions auth_group_permissions_group_id_permission_id_0cd325b0_uniq; Type: CONSTRAINT; Schema: public; Owner: postgres
--

ALTER TABLE ONLY public.auth_group_permissions
    ADD CONSTRAINT auth_group_permissions_group_id_permission_id_0cd325b0_uniq UNIQUE (group_id, permission_id);


--
-- Name: auth_group_permissions auth_group_permissions_pkey; Type: CONSTRAINT; Schema: public; Owner: postgres
--

ALTER TABLE ONLY public.auth_group_permissions
    ADD CONSTRAINT auth_group_permissions_pkey PRIMARY KEY (id);


--
-- Name: auth_group auth_group_pkey; Type: CONSTRAINT; Schema: public; Owner: postgres
--

ALTER TABLE ONLY public.auth_group
    ADD CONSTRAINT auth_group_pkey PRIMARY KEY (id);


--
-- Name: auth_permission auth_permission_content_type_id_codename_01ab375a_uniq; Type: CONSTRAINT; Schema: public; Owner: postgres
--

ALTER TABLE ONLY public.auth_permission
    ADD CONSTRAINT auth_permission_content_type_id_codename_01ab375a_uniq UNIQUE (content_type_id, codename);


--
-- Name: auth_permission auth_permission_pkey; Type: CONSTRAINT; Schema: public; Owner: postgres
--

ALTER TABLE ONLY public.auth_permission
    ADD CONSTRAINT auth_permission_pkey PRIMARY KEY (id);


--
-- Name: auth_user_groups auth_user_groups_pkey; Type: CONSTRAINT; Schema: public; Owner: postgres
--

ALTER TABLE ONLY public.auth_user_groups
    ADD CONSTRAINT auth_user_groups_pkey PRIMARY KEY (id);


--
-- Name: auth_user_groups auth_user_groups_user_id_group_id_94350c0c_uniq; Type: CONSTRAINT; Schema: public; Owner: postgres
--

ALTER TABLE ONLY public.auth_user_groups
    ADD CONSTRAINT auth_user_groups_user_id_group_id_94350c0c_uniq UNIQUE (user_id, group_id);


--
-- Name: auth_user auth_user_pkey; Type: CONSTRAINT; Schema: public; Owner: postgres
--

ALTER TABLE ONLY public.auth_user
    ADD CONSTRAINT auth_user_pkey PRIMARY KEY (id);


--
-- Name: auth_user_user_permissions auth_user_user_permissions_pkey; Type: CONSTRAINT; Schema: public; Owner: postgres
--

ALTER TABLE ONLY public.auth_user_user_permissions
    ADD CONSTRAINT auth_user_user_permissions_pkey PRIMARY KEY (id);


--
-- Name: auth_user_user_permissions auth_user_user_permissions_user_id_permission_id_14a6b632_uniq; Type: CONSTRAINT; Schema: public; Owner: postgres
--

ALTER TABLE ONLY public.auth_user_user_permissions
    ADD CONSTRAINT auth_user_user_permissions_user_id_permission_id_14a6b632_uniq UNIQUE (user_id, permission_id);


--
-- Name: auth_user auth_user_username_key; Type: CONSTRAINT; Schema: public; Owner: postgres
--

ALTER TABLE ONLY public.auth_user
    ADD CONSTRAINT auth_user_username_key UNIQUE (username);


--
-- Name: django_admin_log django_admin_log_pkey; Type: CONSTRAINT; Schema: public; Owner: postgres
--

ALTER TABLE ONLY public.django_admin_log
    ADD CONSTRAINT django_admin_log_pkey PRIMARY KEY (id);


--
-- Name: django_content_type django_content_type_app_label_model_76bd3d3b_uniq; Type: CONSTRAINT; Schema: public; Owner: postgres
--

ALTER TABLE ONLY public.django_content_type
    ADD CONSTRAINT django_content_type_app_label_model_76bd3d3b_uniq UNIQUE (app_label, model);


--
-- Name: django_content_type django_content_type_pkey; Type: CONSTRAINT; Schema: public; Owner: postgres
--

ALTER TABLE ONLY public.django_content_type
    ADD CONSTRAINT django_content_type_pkey PRIMARY KEY (id);


--
-- Name: django_migrations django_migrations_pkey; Type: CONSTRAINT; Schema: public; Owner: postgres
--

ALTER TABLE ONLY public.django_migrations
    ADD CONSTRAINT django_migrations_pkey PRIMARY KEY (id);


--
-- Name: django_session django_session_pkey; Type: CONSTRAINT; Schema: public; Owner: postgres
--

ALTER TABLE ONLY public.django_session
    ADD CONSTRAINT django_session_pkey PRIMARY KEY (session_key);


--
-- Name: utilities_buildings utilities_buildings_pkey; Type: CONSTRAINT; Schema: public; Owner: postgres
--

ALTER TABLE ONLY public.utilities_buildings
    ADD CONSTRAINT utilities_buildings_pkey PRIMARY KEY (id);


--
-- Name: auth_group_name_a6ea08ec_like; Type: INDEX; Schema: public; Owner: postgres
--

CREATE INDEX auth_group_name_a6ea08ec_like ON public.auth_group USING btree (name varchar_pattern_ops);


--
-- Name: auth_group_permissions_group_id_b120cbf9; Type: INDEX; Schema: public; Owner: postgres
--

CREATE INDEX auth_group_permissions_group_id_b120cbf9 ON public.auth_group_permissions USING btree (group_id);


--
-- Name: auth_group_permissions_permission_id_84c5c92e; Type: INDEX; Schema: public; Owner: postgres
--

CREATE INDEX auth_group_permissions_permission_id_84c5c92e ON public.auth_group_permissions USING btree (permission_id);


--
-- Name: auth_permission_content_type_id_2f476e4b; Type: INDEX; Schema: public; Owner: postgres
--

CREATE INDEX auth_permission_content_type_id_2f476e4b ON public.auth_permission USING btree (content_type_id);


--
-- Name: auth_user_groups_group_id_97559544; Type: INDEX; Schema: public; Owner: postgres
--

CREATE INDEX auth_user_groups_group_id_97559544 ON public.auth_user_groups USING btree (group_id);


--
-- Name: auth_user_groups_user_id_6a12ed8b; Type: INDEX; Schema: public; Owner: postgres
--

CREATE INDEX auth_user_groups_user_id_6a12ed8b ON public.auth_user_groups USING btree (user_id);


--
-- Name: auth_user_user_permissions_permission_id_1fbb5f2c; Type: INDEX; Schema: public; Owner: postgres
--

CREATE INDEX auth_user_user_permissions_permission_id_1fbb5f2c ON public.auth_user_user_permissions USING btree (permission_id);


--
-- Name: auth_user_user_permissions_user_id_a95ead1b; Type: INDEX; Schema: public; Owner: postgres
--

CREATE INDEX auth_user_user_permissions_user_id_a95ead1b ON public.auth_user_user_permissions USING btree (user_id);


--
-- Name: auth_user_username_6821ab7c_like; Type: INDEX; Schema: public; Owner: postgres
--

CREATE INDEX auth_user_username_6821ab7c_like ON public.auth_user USING btree (username varchar_pattern_ops);


--
-- Name: django_admin_log_content_type_id_c4bce8eb; Type: INDEX; Schema: public; Owner: postgres
--

CREATE INDEX django_admin_log_content_type_id_c4bce8eb ON public.django_admin_log USING btree (content_type_id);


--
-- Name: django_admin_log_user_id_c564eba6; Type: INDEX; Schema: public; Owner: postgres
--

CREATE INDEX django_admin_log_user_id_c564eba6 ON public.django_admin_log USING btree (user_id);


--
-- Name: django_session_expire_date_a5c62663; Type: INDEX; Schema: public; Owner: postgres
--

CREATE INDEX django_session_expire_date_a5c62663 ON public.django_session USING btree (expire_date);


--
-- Name: django_session_session_key_c0390e0f_like; Type: INDEX; Schema: public; Owner: postgres
--

CREATE INDEX django_session_session_key_c0390e0f_like ON public.django_session USING btree (session_key varchar_pattern_ops);


--
-- Name: utilities_buildings_geom_fddf1cac_id; Type: INDEX; Schema: public; Owner: postgres
--

CREATE INDEX utilities_buildings_geom_fddf1cac_id ON public.utilities_buildings USING gist (geom);


--
-- Name: auth_group_permissions auth_group_permissio_permission_id_84c5c92e_fk_auth_perm; Type: FK CONSTRAINT; Schema: public; Owner: postgres
--

ALTER TABLE ONLY public.auth_group_permissions
    ADD CONSTRAINT auth_group_permissio_permission_id_84c5c92e_fk_auth_perm FOREIGN KEY (permission_id) REFERENCES public.auth_permission(id) DEFERRABLE INITIALLY DEFERRED;


--
-- Name: auth_group_permissions auth_group_permissions_group_id_b120cbf9_fk_auth_group_id; Type: FK CONSTRAINT; Schema: public; Owner: postgres
--

ALTER TABLE ONLY public.auth_group_permissions
    ADD CONSTRAINT auth_group_permissions_group_id_b120cbf9_fk_auth_group_id FOREIGN KEY (group_id) REFERENCES public.auth_group(id) DEFERRABLE INITIALLY DEFERRED;


--
-- Name: auth_permission auth_permission_content_type_id_2f476e4b_fk_django_co; Type: FK CONSTRAINT; Schema: public; Owner: postgres
--

ALTER TABLE ONLY public.auth_permission
    ADD CONSTRAINT auth_permission_content_type_id_2f476e4b_fk_django_co FOREIGN KEY (content_type_id) REFERENCES public.django_content_type(id) DEFERRABLE INITIALLY DEFERRED;


--
-- Name: auth_user_groups auth_user_groups_group_id_97559544_fk_auth_group_id; Type: FK CONSTRAINT; Schema: public; Owner: postgres
--

ALTER TABLE ONLY public.auth_user_groups
    ADD CONSTRAINT auth_user_groups_group_id_97559544_fk_auth_group_id FOREIGN KEY (group_id) REFERENCES public.auth_group(id) DEFERRABLE INITIALLY DEFERRED;


--
-- Name: auth_user_groups auth_user_groups_user_id_6a12ed8b_fk_auth_user_id; Type: FK CONSTRAINT; Schema: public; Owner: postgres
--

ALTER TABLE ONLY public.auth_user_groups
    ADD CONSTRAINT auth_user_groups_user_id_6a12ed8b_fk_auth_user_id FOREIGN KEY (user_id) REFERENCES public.auth_user(id) DEFERRABLE INITIALLY DEFERRED;


--
-- Name: auth_user_user_permissions auth_user_user_permi_permission_id_1fbb5f2c_fk_auth_perm; Type: FK CONSTRAINT; Schema: public; Owner: postgres
--

ALTER TABLE ONLY public.auth_user_user_permissions
    ADD CONSTRAINT auth_user_user_permi_permission_id_1fbb5f2c_fk_auth_perm FOREIGN KEY (permission_id) REFERENCES public.auth_permission(id) DEFERRABLE INITIALLY DEFERRED;


--
-- Name: auth_user_user_permissions auth_user_user_permissions_user_id_a95ead1b_fk_auth_user_id; Type: FK CONSTRAINT; Schema: public; Owner: postgres
--

ALTER TABLE ONLY public.auth_user_user_permissions
    ADD CONSTRAINT auth_user_user_permissions_user_id_a95ead1b_fk_auth_user_id FOREIGN KEY (user_id) REFERENCES public.auth_user(id) DEFERRABLE INITIALLY DEFERRED;


--
-- Name: django_admin_log django_admin_log_content_type_id_c4bce8eb_fk_django_co; Type: FK CONSTRAINT; Schema: public; Owner: postgres
--

ALTER TABLE ONLY public.django_admin_log
    ADD CONSTRAINT django_admin_log_content_type_id_c4bce8eb_fk_django_co FOREIGN KEY (content_type_id) REFERENCES public.django_content_type(id) DEFERRABLE INITIALLY DEFERRED;


--
-- Name: django_admin_log django_admin_log_user_id_c564eba6_fk_auth_user_id; Type: FK CONSTRAINT; Schema: public; Owner: postgres
--

ALTER TABLE ONLY public.django_admin_log
    ADD CONSTRAINT django_admin_log_user_id_c564eba6_fk_auth_user_id FOREIGN KEY (user_id) REFERENCES public.auth_user(id) DEFERRABLE INITIALLY DEFERRED;


--
-- PostgreSQL database dump complete
--
